<?xml version="1.0" encoding="UTF-8" standalone="no"?>
<!--
This is a planetDef for the Solar System that I made for my WIP Modpack Advanced Space
Required Mods:	Advanced Rocketry (duh)
		Biomes O' Plenty for the Ice Moons
		Rockhounding Chemistry for the sulfur oceans on Io
-->

<galaxy>
    <star blackHole="false" name="Sol" numGasGiants="0" numPlanets="0" size="1.0" temp="100" x="0" y="0">
        <planet DIMID="0" dimMapping="" name="Earth" customIcon="earthlike">
            <isKnown>true</isKnown>
            <fogColor>1.0,1.0,1.0</fogColor>
            <skyColor>1.0,1.0,1.0</skyColor>
            <gravitationalMultiplier>100</gravitationalMultiplier>
            <orbitalDistance>100</orbitalDistance>
            <orbitalTheta>0</orbitalTheta>
            <orbitalPhi>0</orbitalPhi>
            <avgTemperature>287</avgTemperature>
            <rotationalPeriod>24000</rotationalPeriod>
            <atmosphereDensity>100</atmosphereDensity>
            <generateCraters>false</generateCraters>
            <generateVolcanos>false</generateVolcanos>
            <generateStructures>false</generateStructures>
            <generateGeodes>false</generateGeodes>
            <planet DIMID="-28" name="Luna" customIcon="moon">
                <isKnown>true</isKnown>
                <fogColor>1.0,1.0,1.0</fogColor>
                <skyColor>1.0,1.0,1.0</skyColor>
                <gravitationalMultiplier>16</gravitationalMultiplier>
                <orbitalDistance>150</orbitalDistance>
                <orbitalTheta>0</orbitalTheta>
                <orbitalPhi>10</orbitalPhi>
                <avgTemperature>255</avgTemperature>
                <rotationalPeriod>128000</rotationalPeriod>
                <atmosphereDensity>0</atmosphereDensity>
                <generateCraters>true</generateCraters>
                <generateVolcanos>false</generateVolcanos>
                <generateStructures>false</generateStructures>
                <generateGeodes>false</generateGeodes>
                <craterFrequencyMultiplier>1.0</craterFrequencyMultiplier>
                <biomeIds>advancedrocketry:moon,advancedrocketry:moondark</biomeIds>
            </planet>
        </planet>
	<planet DIMID="3" name="Mercury" customIcon="moon">
            <isKnown>true</isKnown>
            <fogColor>1.0,1.0,1.0</fogColor>
            <skyColor>1.0,1.0,1.0</skyColor>
            <gravitationalMultiplier>38</gravitationalMultiplier>
            <orbitalDistance>33</orbitalDistance>
            <orbitalTheta>0</orbitalTheta>
            <orbitalPhi>0</orbitalPhi>
            <avgTemperature>255</avgTemperature>
            <rotationalPeriod>1392000</rotationalPeriod>
            <atmosphereDensity>0</atmosphereDensity>
            <generateCraters>true</generateCraters>
            <generateVolcanos>false</generateVolcanos>
            <generateStructures>false</generateStructures>
            <generateGeodes>false</generateGeodes>
            <craterFrequencyMultiplier>1.0</craterFrequencyMultiplier>
            <biomeIds>advancedrocketry:moon,advancedrocketry:moondark</biomeIds>
	</planet>
	<planet DIMID="-31" name="Venus" customIcon="venusian">
            <isKnown>true</isKnown>
            <fogColor>0xbb8d35</fogColor>
            <skyColor>0xdcb33d</skyColor>
            <gravitationalMultiplier>90</gravitationalMultiplier>
            <orbitalDistance>66</orbitalDistance>
            <orbitalTheta>0</orbitalTheta>
            <orbitalPhi>0</orbitalPhi>
            <avgTemperature>287</avgTemperature>
            <rotationalPeriod>2784000</rotationalPeriod>
            <atmosphereDensity>400</atmosphereDensity>
            <generateCraters>false</generateCraters>
            <generateVolcanos>false</generateVolcanos>
            <generateStructures>false</generateStructures>
            <generateGeodes>false</generateGeodes>
<!--            <craterFrequencyMultiplier>1.0</craterFrequencyMultiplier>
            <geodefrequencyMultiplier>1.0</geodefrequencyMultiplier>
            <volcanoFrequencyMultiplier>1.0</volcanoFrequencyMultiplier> -->
            <biomeIds>advancedrocketry:hotdryrock</biomeIds>
	</planet>
	<planet DIMID="-29" name="Mars" customIcon="marslike">
            <isKnown>true</isKnown>
            <fogColor>1.0,1.0,1.0</fogColor>
            <skyColor>1.0,1.0,1.0</skyColor>
            <gravitationalMultiplier>38</gravitationalMultiplier>
            <orbitalDistance>133</orbitalDistance>
            <orbitalTheta>0</orbitalTheta>
            <orbitalPhi>0</orbitalPhi>
            <avgTemperature>287</avgTemperature>
            <rotationalPeriod>24037</rotationalPeriod>
            <atmosphereDensity>0</atmosphereDensity>
            <generateCraters>true</generateCraters>
            <generateVolcanos>false</generateVolcanos>
            <generateStructures>false</generateStructures>
            <generateGeodes>false</generateGeodes>
            <craterFrequencyMultiplier>1.0</craterFrequencyMultiplier>
            <biomeIds>advancedrocketry:hotdryrock</biomeIds>
            <planet DIMID="6" name="Deimos" customIcon="asteroid_b">
                <isKnown>true</isKnown>
                <fogColor>1.0,1.0,1.0</fogColor>
                <skyColor>1.0,1.0,1.0</skyColor>
                <gravitationalMultiplier>0</gravitationalMultiplier>
                <orbitalDistance>150</orbitalDistance>
                <orbitalTheta>180</orbitalTheta>
                <orbitalPhi>0</orbitalPhi>
                <avgTemperature>255</avgTemperature>
                <rotationalPeriod>128000</rotationalPeriod>
                <atmosphereDensity>0</atmosphereDensity>
                <generateCraters>true</generateCraters>
                <generateVolcanos>false</generateVolcanos>
                <generateStructures>false</generateStructures>
                <generateGeodes>false</generateGeodes>
                <craterFrequencyMultiplier>0.3</craterFrequencyMultiplier>
            </planet>
            <planet DIMID="7" name="Phobos" customIcon="asteroid_c">
                <isKnown>true</isKnown>
                <fogColor>1.0,1.0,1.0</fogColor>
                <skyColor>1.0,1.0,1.0</skyColor>
                <gravitationalMultiplier>0</gravitationalMultiplier>
                <orbitalDistance>150</orbitalDistance>
                <orbitalTheta>0</orbitalTheta>
                <orbitalPhi>0</orbitalPhi>
                <avgTemperature>255</avgTemperature>
                <rotationalPeriod>128000</rotationalPeriod>
                <atmosphereDensity>0</atmosphereDensity>
                <generateCraters>true</generateCraters>
                <generateVolcanos>false</generateVolcanos>
                <generateStructures>false</generateStructures>
                <generateGeodes>false</generateGeodes>
                <craterFrequencyMultiplier>0.3</craterFrequencyMultiplier>
            </planet>
	</planet>
        <planet DIMID="8" name="Ceres" customIcon="moon">
                <isKnown>true</isKnown>
                <fogColor>1.0,1.0,1.0</fogColor>
                <skyColor>1.0,1.0,1.0</skyColor>
                <gravitationalMultiplier>3</gravitationalMultiplier>
                <orbitalDistance>166</orbitalDistance>
                <orbitalTheta>0</orbitalTheta>
                <orbitalPhi>0</orbitalPhi>
                <avgTemperature>255</avgTemperature>
                <rotationalPeriod>128000</rotationalPeriod>
                <atmosphereDensity>0</atmosphereDensity>
                <generateCraters>true</generateCraters>
                <generateVolcanos>false</generateVolcanos>
                <generateStructures>false</generateStructures>
                <generateGeodes>false</generateGeodes>
                <craterFrequencyMultiplier>1.0</craterFrequencyMultiplier>
                <biomeIds>advancedrocketry:moon,advancedrocketry:moondark</biomeIds>
        </planet>
        <planet DIMID="9" name="Asteroid Belt" customIcon="asteroid_a">
                <isKnown>true</isKnown>
		<genType>2</genType>
                <fogColor>1.0,1.0,1.0</fogColor>
                <skyColor>1.0,1.0,1.0</skyColor>
                <gravitationalMultiplier>0</gravitationalMultiplier>
                <orbitalDistance>166</orbitalDistance>
                <orbitalTheta>180</orbitalTheta>
                <orbitalPhi>0</orbitalPhi>
                <avgTemperature>255</avgTemperature>
                <rotationalPeriod>128000</rotationalPeriod>
                <atmosphereDensity>0</atmosphereDensity>
                <generateCraters>false</generateCraters>
                <generateVolcanos>false</generateVolcanos>
                <generateStructures>false</generateStructures>
                <generateGeodes>false</generateGeodes>
		<biomeIds>advancedrocketry:moon,advancedrocketry:moondark</biomeIds>
        </planet>
	<planet DIMID="-3" name="Jupiter" customIcon="gasgiantred">
            <isKnown>true</isKnown>
            <GasGiant>true</GasGiant>
            <gas>hydrogen</gas>
            <gas>helium</gas>
            <fogColor>1.0,1.0,1.0</fogColor>
            <skyColor>1.0,1.0,1.0</skyColor>
            <gravitationalMultiplier>250</gravitationalMultiplier>
            <orbitalDistance>233</orbitalDistance>
            <orbitalTheta>0</orbitalTheta>
            <orbitalPhi>0</orbitalPhi>
            <avgTemperature>287</avgTemperature>
            <rotationalPeriod>31848</rotationalPeriod>
            <atmosphereDensity>100</atmosphereDensity>
            <generateCraters>false</generateCraters>
            <generateVolcanos>false</generateVolcanos>
            <generateStructures>false</generateStructures>
            <generateGeodes>false</generateGeodes>
            <planet DIMID="10" name="Io" customIcon="iceworld">
                <isKnown>true</isKnown>
                <fogColor>1.0,1.0,1.0</fogColor>
                <skyColor>1.0,1.0,1.0</skyColor>
                <gravitationalMultiplier>18</gravitationalMultiplier>
                <orbitalDistance>50</orbitalDistance>
                <orbitalTheta>0</orbitalTheta>
                <orbitalPhi>0</orbitalPhi>
                <avgTemperature>255</avgTemperature>
                <rotationalPeriod>42480</rotationalPeriod>
		<oceanBlock>rockhounding_chemistry:fluid.sulfuric_acid</oceanBlock>
                <atmosphereDensity>0</atmosphereDensity>
                <generateCraters>true</generateCraters>
                <generateVolcanos>true</generateVolcanos>
                <generateStructures>false</generateStructures>
                <generateGeodes>false</generateGeodes>
                <craterFrequencyMultiplier>1.0</craterFrequencyMultiplier>
		<VolcanoFrequencyMultiplier>1.0</VolcanoFrequencyMultiplier>
                <biomeIds>advancedrocketry:hotdryrock,minecraft:ocean</biomeIds>
            </planet>
            <planet DIMID="11" name="Europa" customIcon="iceworld">
                <isKnown>true</isKnown>
                <fogColor>1.0,1.0,1.0</fogColor>
                <skyColor>1.0,1.0,1.0</skyColor>
                <gravitationalMultiplier>13</gravitationalMultiplier>
                <orbitalDistance>100</orbitalDistance>
                <orbitalTheta>0</orbitalTheta>
                <orbitalPhi>0</orbitalPhi>
                <avgTemperature>255</avgTemperature>
                <rotationalPeriod>84000</rotationalPeriod>
		<fillerBlock>minecraft:packed_ice</fillerBlock>
                <atmosphereDensity>0</atmosphereDensity>
                <generateCraters>true</generateCraters>
                <generateVolcanos>false</generateVolcanos>
                <generateStructures>false</generateStructures>
                <generateGeodes>false</generateGeodes>
                <craterFrequencyMultiplier>1.0</craterFrequencyMultiplier>
                <biomeIds>biomesoplenty:glacier</biomeIds>
            </planet>
            <planet DIMID="12" name="Ganymede" customIcon="iceworld">
                <isKnown>true</isKnown>
                <fogColor>1.0,1.0,1.0</fogColor>
                <skyColor>1.0,1.0,1.0</skyColor>
                <gravitationalMultiplier>15</gravitationalMultiplier>
                <orbitalDistance>250</orbitalDistance>
                <orbitalTheta>0</orbitalTheta>
                <orbitalPhi>0</orbitalPhi>
                <avgTemperature>255</avgTemperature>
                <rotationalPeriod>168000</rotationalPeriod>
		<fillerBlock>minecraft:packed_ice</fillerBlock>
                <atmosphereDensity>0</atmosphereDensity>
                <generateCraters>true</generateCraters>
                <generateVolcanos>false</generateVolcanos>
                <generateStructures>false</generateStructures>
                <generateGeodes>false</generateGeodes>
                <craterFrequencyMultiplier>1.0</craterFrequencyMultiplier>
                <biomeIds>advancedrocketry:moon,advancedrocketry:moondark</biomeIds>
            </planet>
            <planet DIMID="13" name="Callisto" customIcon="iceworld">
                <isKnown>true</isKnown>
                <fogColor>1.0,1.0,1.0</fogColor>
                <skyColor>1.0,1.0,1.0</skyColor>
                <gravitationalMultiplier>13</gravitationalMultiplier>
                <orbitalDistance>400</orbitalDistance>
                <orbitalTheta>0</orbitalTheta>
                <orbitalPhi>0</orbitalPhi>
                <avgTemperature>255</avgTemperature>
                <rotationalPeriod>408000</rotationalPeriod>
		<fillerBlock>minecraft:packed_ice</fillerBlock>
                <atmosphereDensity>0</atmosphereDensity>
                <generateCraters>true</generateCraters>
                <generateVolcanos>false</generateVolcanos>
                <generateStructures>false</generateStructures>
                <generateGeodes>false</generateGeodes>
                <craterFrequencyMultiplier>2.0</craterFrequencyMultiplier>
                <biomeIds>biomesoplenty:glacier</biomeIds>
            </planet>
            <planet DIMID="14" name="Amalthea" customIcon="asteroid_a">
                <isKnown>true</isKnown>
                <fogColor>1.0,1.0,1.0</fogColor>
                <skyColor>1.0,1.0,1.0</skyColor>
                <gravitationalMultiplier>0</gravitationalMultiplier>
                <orbitalDistance>25</orbitalDistance>
                <orbitalTheta>0</orbitalTheta>
                <orbitalPhi>0</orbitalPhi>
                <avgTemperature>255</avgTemperature>
                <rotationalPeriod>11952</rotationalPeriod>
		<fillerBlock>minecraft:packed_ice</fillerBlock>
                <atmosphereDensity>0</atmosphereDensity>
                <generateCraters>true</generateCraters>
                <generateVolcanos>false</generateVolcanos>
                <generateStructures>false</generateStructures>
                <generateGeodes>false</generateGeodes>
                <craterFrequencyMultiplier>1.0</craterFrequencyMultiplier>
                <biomeIds>advancedrocketry:hotdryrock,advancedrocketry:moon</biomeIds>
            </planet>
	</planet>
	<planet DIMID="-4" name="Saturn" customIcon="gasgiantbrown">
            <isKnown>true</isKnown>
            <GasGiant>true</GasGiant>
            <gas>hydrogen</gas>
            <gas>helium</gas>
            <hasRings>true</hasRings>
            <ringColor>0.30980392156,0.27058823529,0.19607843137</ringColor>
            <fogColor>1.0,1.0,1.0</fogColor>
            <skyColor>1.0,1.0,1.0</skyColor>
            <gravitationalMultiplier>235</gravitationalMultiplier>
            <orbitalDistance>333</orbitalDistance>
            <orbitalTheta>0</orbitalTheta>
            <orbitalPhi>0</orbitalPhi>
            <avgTemperature>287</avgTemperature>
            <rotationalPeriod>24000</rotationalPeriod>
            <atmosphereDensity>100</atmosphereDensity>
            <generateCraters>false</generateCraters>
            <generateVolcanos>false</generateVolcanos>
            <generateStructures>false</generateStructures>
            <generateGeodes>false</generateGeodes>
            <planet DIMID="15" name="Rhea" customIcon="moon">
                <isKnown>true</isKnown>
                <fogColor>1.0,1.0,1.0</fogColor>
                <skyColor>1.0,1.0,1.0</skyColor>
                <gravitationalMultiplier>2</gravitationalMultiplier>
                <orbitalDistance>80</orbitalDistance>
                <orbitalTheta>0</orbitalTheta>
                <orbitalPhi>0</orbitalPhi>
                <avgTemperature>255</avgTemperature>
                <rotationalPeriod>1896000</rotationalPeriod>
                <atmosphereDensity>0</atmosphereDensity>
                <generateCraters>true</generateCraters>
                <generateVolcanos>false</generateVolcanos>
                <generateStructures>false</generateStructures>
                <generateGeodes>false</generateGeodes>
		<craterFrequencyMultiplier>2.3</craterFrequencyMultiplier>
                <biomeIds>biomesoplenty:glacier,biomesoplenty:cold_desert</biomeIds>
            </planet>
            <planet DIMID="16" name="Titan" customIcon="marslike">
                <isKnown>true</isKnown>
                <fogColor>1.0,1.0,1.0</fogColor>
                <skyColor>1.0,1.0,1.0</skyColor>
                <gravitationalMultiplier>14</gravitationalMultiplier>
                <orbitalDistance>95</orbitalDistance>
                <orbitalTheta>0</orbitalTheta>
                <orbitalPhi>0</orbitalPhi>
                <avgTemperature>255</avgTemperature>
                <rotationalPeriod>384000</rotationalPeriod>
		<oceanBlock>advancedrocketry:hydrogenfluid</oceanBlock>
                <atmosphereDensity>0</atmosphereDensity>
                <generateCraters>false</generateCraters>
                <generateVolcanos>false</generateVolcanos>
                <generateStructures>false</generateStructures>
                <generateGeodes>false</generateGeodes>
                <biomeIds>minecraft:desert,minecraft:ocean</biomeIds>
            </planet>
            <planet DIMID="17" name="Iapetus" customIcon="asteroid_b">
                <isKnown>true</isKnown>
                <fogColor>1.0,1.0,1.0</fogColor>
                <skyColor>1.0,1.0,1.0</skyColor>
                <gravitationalMultiplier>2</gravitationalMultiplier>
                <orbitalDistance>110</orbitalDistance>
                <orbitalTheta>0</orbitalTheta>
                <orbitalPhi>0</orbitalPhi>
                <avgTemperature>255</avgTemperature>
                <rotationalPeriod>10000</rotationalPeriod>
		<fillerBlock>minecraft:packed_ice</fillerBlock>
                <atmosphereDensity>0</atmosphereDensity>
                <generateCraters>false</generateCraters>
                <generateVolcanos>false</generateVolcanos>
                <generateStructures>false</generateStructures>
                <generateGeodes>false</generateGeodes>
                <biomeIds>biomesoplenty:glacier</biomeIds>
            </planet>
	</planet>
	<planet DIMID="-5" name="Uranus" customIcon="gasgiantblue">
            <isKnown>true</isKnown>
            <GasGiant>true</GasGiant>
            <gas>hydrogen</gas>
            <gas>helium</gas>
            <gas>coal</gas>
            <fogColor>1.0,1.0,1.0</fogColor>
            <skyColor>1.0,1.0,1.0</skyColor>
            <gravitationalMultiplier>220</gravitationalMultiplier>
            <orbitalDistance>433</orbitalDistance>
            <orbitalTheta>0</orbitalTheta>
            <orbitalPhi>0</orbitalPhi>
            <avgTemperature>287</avgTemperature>
            <rotationalPeriod>24000</rotationalPeriod>
            <atmosphereDensity>100</atmosphereDensity>
            <generateCraters>false</generateCraters>
            <generateVolcanos>false</generateVolcanos>
            <generateStructures>false</generateStructures>
            <generateGeodes>false</generateGeodes>
            <planet DIMID="18" name="Oberon" customIcon="moon">
                <isKnown>true</isKnown>
                <fogColor>1.0,1.0,1.0</fogColor>
                <skyColor>1.0,1.0,1.0</skyColor>
                <gravitationalMultiplier>3</gravitationalMultiplier>
                <orbitalDistance>150</orbitalDistance>
                <orbitalTheta>0</orbitalTheta>
                <orbitalPhi>180</orbitalPhi>
                <avgTemperature>255</avgTemperature>
                <rotationalPeriod>324000</rotationalPeriod>
		<fillerBlock>minecraft:packed_ice</fillerBlock>
                <atmosphereDensity>0</atmosphereDensity>
                <generateCraters>true</generateCraters>
                <generateVolcanos>false</generateVolcanos>
                <generateStructures>false</generateStructures>
                <generateGeodes>false</generateGeodes>
                <craterFrequencyMultiplier>1.0</craterFrequencyMultiplier>
                <biomeIds>biomesoplenty:glacier</biomeIds>
            </planet>
            <planet DIMID="19" name="Titania" customIcon="moon">
                <isKnown>true</isKnown>
                <fogColor>1.0,1.0,1.0</fogColor>
                <skyColor>1.0,1.0,1.0</skyColor>
                <gravitationalMultiplier>3</gravitationalMultiplier>
                <orbitalDistance>125</orbitalDistance>
                <orbitalTheta>0</orbitalTheta>
                <orbitalPhi>180</orbitalPhi>
                <avgTemperature>255</avgTemperature>
                <rotationalPeriod>208800</rotationalPeriod>
		<fillerBlock>minecraft:packed_ice</fillerBlock>
                <atmosphereDensity>0</atmosphereDensity>
                <generateCraters>true</generateCraters>
                <generateVolcanos>false</generateVolcanos>
                <generateStructures>false</generateStructures>
                <generateGeodes>false</generateGeodes>
                <craterFrequencyMultiplier>1.0</craterFrequencyMultiplier>
                <biomeIds>biomesoplenty:glacier,advancedrocketry:moon</biomeIds>
            </planet>
	</planet>
	<planet DIMID="-6" name="Neptune" customIcon="gasgiantblue">
            <isKnown>true</isKnown>
            <GasGiant>true</GasGiant>
            <gas>hydrogen</gas>
            <gas>helium</gas>
            <gas>coal</gas>
            <fogColor>1.0,1.0,1.0</fogColor>
            <skyColor>1.0,1.0,1.0</skyColor>
            <gravitationalMultiplier>210</gravitationalMultiplier>
            <orbitalDistance>533</orbitalDistance>
            <orbitalTheta>0</orbitalTheta>
            <orbitalPhi>0</orbitalPhi>
            <avgTemperature>287</avgTemperature>
            <rotationalPeriod>24000</rotationalPeriod>
            <atmosphereDensity>100</atmosphereDensity>
            <generateCraters>false</generateCraters>
            <generateVolcanos>false</generateVolcanos>
            <generateStructures>false</generateStructures>
            <generateGeodes>false</generateGeodes>
            <planet DIMID="20" name="Triton" customIcon="moon">
                <isKnown>true</isKnown>
                <fogColor>1.0,1.0,1.0</fogColor>
                <skyColor>1.0,1.0,1.0</skyColor>
                <gravitationalMultiplier>7</gravitationalMultiplier>
                <orbitalDistance>100</orbitalDistance>
                <orbitalTheta>0</orbitalTheta>
                <orbitalPhi>0</orbitalPhi>
                <avgTemperature>255</avgTemperature>
                <rotationalPeriod>208800</rotationalPeriod>
		<fillerBlock>minecraft:packed_ice</fillerBlock>
		<oceanBlock>advancedrocketry:nitrogenfluid</oceanBlock>
                <atmosphereDensity>0</atmosphereDensity>
                <generateCraters>true</generateCraters>
                <generateVolcanos>false</generateVolcanos>
                <generateStructures>false</generateStructures>
                <generateGeodes>false</generateGeodes>
                <craterFrequencyMultiplier>1.0</craterFrequencyMultiplier>
                <biomeIds>biomesoplenty:glacier,advancedrocketry:moon,minecraft:ocean</biomeIds>
            </planet>
	</planet>
	<planet DIMID="21" name="Pluto" customIcon="moon">
                <isKnown>true</isKnown>
                <fogColor>1.0,1.0,1.0</fogColor>
                <skyColor>1.0,1.0,1.0</skyColor>
                <gravitationalMultiplier>6</gravitationalMultiplier>
                <orbitalDistance>600</orbitalDistance>
                <orbitalTheta>0</orbitalTheta>
                <orbitalPhi>0</orbitalPhi>
                <avgTemperature>255</avgTemperature>
                <rotationalPeriod>153600</rotationalPeriod>
                <atmosphereDensity>0</atmosphereDensity>
                <generateCraters>true</generateCraters>
                <generateVolcanos>false</generateVolcanos>
                <generateStructures>false</generateStructures>
                <generateGeodes>false</generateGeodes>
                <craterFrequencyMultiplier>1.0</craterFrequencyMultiplier>
                <biomeIds>advancedrocketry:moon,advancedrocketry:moondark</biomeIds>
		<planet DIMID="22" name="Charon" customIcon="moon">
                	<isKnown>true</isKnown>
                	<fogColor>1.0,1.0,1.0</fogColor>
                	<skyColor>1.0,1.0,1.0</skyColor>
                	<gravitationalMultiplier>2</gravitationalMultiplier>
                	<orbitalDistance>150</orbitalDistance>
                	<orbitalTheta>0</orbitalTheta>
                	<orbitalPhi>0</orbitalPhi>
                	<avgTemperature>255</avgTemperature>
                	<rotationalPeriod>153600</rotationalPeriod>
                	<atmosphereDensity>0</atmosphereDensity>
                	<generateCraters>true</generateCraters>
                	<generateVolcanos>false</generateVolcanos>
                	<generateStructures>false</generateStructures>
                	<generateGeodes>false</generateGeodes>
                	<craterFrequencyMultiplier>1.0</craterFrequencyMultiplier>
                	<biomeIds>advancedrocketry:moon,advancedrocketry:moondark</biomeIds>
		</planet>
	</planet>
    </star>
</galaxy>