{
  "additional": [
    "assets/minecraft/textures/entity/littlemaid/additional/default_40.png",
    "assets/minecraft/textures/entity/littlemaid/additional/default_45.png",
    "assets/minecraft/textures/entity/littlemaid/additional/default_50.png",
    "assets/minecraft/textures/entity/littlemaid/additional/default_55.png",
    "assets/minecraft/textures/entity/littlemaid/additional/mob_littlemaid_00.png",
    "assets/minecraft/textures/entity/littlemaid/additional/mob_littlemaid_01.png",
    "assets/minecraft/textures/entity/littlemaid/additional/mob_littlemaid_02.png",
    "assets/minecraft/textures/entity/littlemaid/additional/mob_littlemaid_03.png",
    "assets/minecraft/textures/entity/littlemaid/additional/mob_littlemaid_04.png",
    "assets/minecraft/textures/entity/littlemaid/additional/mob_littlemaid_05.png",
    "assets/minecraft/textures/entity/littlemaid/additional/mob_littlemaid_06.png",
    "assets/minecraft/textures/entity/littlemaid/additional/mob_littlemaid_07.png",
    "assets/minecraft/textures/entity/littlemaid/additional/mob_littlemaid_08.png",
    "assets/minecraft/textures/entity/littlemaid/additional/mob_littlemaid_09.png",
    "assets/minecraft/textures/entity/littlemaid/additional/mob_littlemaid_0a.png",
    "assets/minecraft/textures/entity/littlemaid/additional/mob_littlemaid_0b.png",
    "assets/minecraft/textures/entity/littlemaid/additional/mob_littlemaid_0c.png",
    "assets/minecraft/textures/entity/littlemaid/additional/mob_littlemaid_0d.png",
    "assets/minecraft/textures/entity/littlemaid/additional/mob_littlemaid_0e.png",
    "assets/minecraft/textures/entity/littlemaid/additional/mob_littlemaid_0f.png",
    "assets/minecraft/textures/entity/littlemaid/additional/mob_littlemaid_3c.png"
  ],
  "alternative": [
    "assets/minecraft/textures/entity/littlemaid/alternative/default_40.png",
    "assets/minecraft/textures/entity/littlemaid/alternative/default_50.png",
    "assets/minecraft/textures/entity/littlemaid/alternative/littlemaidinventory_20.png",
    "assets/minecraft/textures/entity/littlemaid/alternative/mob_littlemaid_3c.png",
    "assets/minecraft/textures/entity/littlemaid/alternative/mob_littlemaid_9.png",
    "assets/minecraft/textures/entity/littlemaid/alternative/mob_littlemaid_c.png",
    "assets/minecraft/textures/entity/littlemaid/alternative/mob_littlemaid_d.png"
  ],
  "Ar_NM": [
    "mob/littleMaid/Ar_NM/littlemaid_Ar_11.png",
    "mob/littleMaid/Ar_NM/littlemaid_Ar_12.png"
  ],
  "b16color_Beverly7": [
    "assets/minecraft/textures/entity/littleMaid/b16color_Beverly7/contract_0.png",
    "assets/minecraft/textures/entity/littleMaid/b16color_Beverly7/contract_1.png",
    "assets/minecraft/textures/entity/littleMaid/b16color_Beverly7/contract_2.png",
    "assets/minecraft/textures/entity/littleMaid/b16color_Beverly7/contract_3.png",
    "assets/minecraft/textures/entity/littleMaid/b16color_Beverly7/contract_4.png",
    "assets/minecraft/textures/entity/littleMaid/b16color_Beverly7/contract_5.png",
    "assets/minecraft/textures/entity/littleMaid/b16color_Beverly7/contract_6.png",
    "assets/minecraft/textures/entity/littleMaid/b16color_Beverly7/contract_7.png",
    "assets/minecraft/textures/entity/littleMaid/b16color_Beverly7/contract_8.png",
    "assets/minecraft/textures/entity/littleMaid/b16color_Beverly7/contract_9.png",
    "assets/minecraft/textures/entity/littleMaid/b16color_Beverly7/contract_a.png",
    "assets/minecraft/textures/entity/littleMaid/b16color_Beverly7/contract_b.png",
    "assets/minecraft/textures/entity/littleMaid/b16color_Beverly7/contract_c.png",
    "assets/minecraft/textures/entity/littleMaid/b16color_Beverly7/contract_d.png",
    "assets/minecraft/textures/entity/littleMaid/b16color_Beverly7/contract_e.png",
    "assets/minecraft/textures/entity/littleMaid/b16color_Beverly7/contract_f.png",
    "assets/minecraft/textures/entity/littleMaid/b16color_Beverly7/default_40.png",
    "assets/minecraft/textures/entity/littleMaid/b16color_Beverly7/default_50.png",
    "assets/minecraft/textures/entity/littleMaid/b16color_Beverly7/wild_3c.png"
  ],
  "b16color_Chloe2": [
    "assets/minecraft/textures/entity/littleMaid/b16color_Chloe2/contract_0.png",
    "assets/minecraft/textures/entity/littleMaid/b16color_Chloe2/contract_1.png",
    "assets/minecraft/textures/entity/littleMaid/b16color_Chloe2/contract_2.png",
    "assets/minecraft/textures/entity/littleMaid/b16color_Chloe2/contract_3.png",
    "assets/minecraft/textures/entity/littleMaid/b16color_Chloe2/contract_4.png",
    "assets/minecraft/textures/entity/littleMaid/b16color_Chloe2/contract_5.png",
    "assets/minecraft/textures/entity/littleMaid/b16color_Chloe2/contract_6.png",
    "assets/minecraft/textures/entity/littleMaid/b16color_Chloe2/contract_7.png",
    "assets/minecraft/textures/entity/littleMaid/b16color_Chloe2/contract_8.png",
    "assets/minecraft/textures/entity/littleMaid/b16color_Chloe2/contract_9.png",
    "assets/minecraft/textures/entity/littleMaid/b16color_Chloe2/contract_a.png",
    "assets/minecraft/textures/entity/littleMaid/b16color_Chloe2/contract_b.png",
    "assets/minecraft/textures/entity/littleMaid/b16color_Chloe2/contract_c.png",
    "assets/minecraft/textures/entity/littleMaid/b16color_Chloe2/contract_d.png",
    "assets/minecraft/textures/entity/littleMaid/b16color_Chloe2/contract_e.png",
    "assets/minecraft/textures/entity/littleMaid/b16color_Chloe2/contract_f.png",
    "assets/minecraft/textures/entity/littleMaid/b16color_Chloe2/default_40.png",
    "assets/minecraft/textures/entity/littleMaid/b16color_Chloe2/default_50.png",
    "assets/minecraft/textures/entity/littleMaid/b16color_Chloe2/wild_3c.png"
  ],
  "b16under_Beverly7": [
    "assets/minecraft/textures/entity/littleMaid/b16under_Beverly7/contract_0.png",
    "assets/minecraft/textures/entity/littleMaid/b16under_Beverly7/contract_1.png",
    "assets/minecraft/textures/entity/littleMaid/b16under_Beverly7/contract_2.png",
    "assets/minecraft/textures/entity/littleMaid/b16under_Beverly7/contract_3.png",
    "assets/minecraft/textures/entity/littleMaid/b16under_Beverly7/contract_4.png",
    "assets/minecraft/textures/entity/littleMaid/b16under_Beverly7/contract_5.png",
    "assets/minecraft/textures/entity/littleMaid/b16under_Beverly7/contract_6.png",
    "assets/minecraft/textures/entity/littleMaid/b16under_Beverly7/contract_7.png",
    "assets/minecraft/textures/entity/littleMaid/b16under_Beverly7/contract_8.png",
    "assets/minecraft/textures/entity/littleMaid/b16under_Beverly7/contract_9.png",
    "assets/minecraft/textures/entity/littleMaid/b16under_Beverly7/contract_a.png",
    "assets/minecraft/textures/entity/littleMaid/b16under_Beverly7/contract_b.png",
    "assets/minecraft/textures/entity/littleMaid/b16under_Beverly7/contract_c.png",
    "assets/minecraft/textures/entity/littleMaid/b16under_Beverly7/contract_d.png",
    "assets/minecraft/textures/entity/littleMaid/b16under_Beverly7/contract_e.png",
    "assets/minecraft/textures/entity/littleMaid/b16under_Beverly7/contract_f.png",
    "assets/minecraft/textures/entity/littleMaid/b16under_Beverly7/default_40.png",
    "assets/minecraft/textures/entity/littleMaid/b16under_Beverly7/default_50.png"
  ],
  "b16under_Chloe2": [
    "assets/minecraft/textures/entity/littleMaid/b16under_Chloe2/contract_0.png",
    "assets/minecraft/textures/entity/littleMaid/b16under_Chloe2/contract_1.png",
    "assets/minecraft/textures/entity/littleMaid/b16under_Chloe2/contract_2.png",
    "assets/minecraft/textures/entity/littleMaid/b16under_Chloe2/contract_3.png",
    "assets/minecraft/textures/entity/littleMaid/b16under_Chloe2/contract_4.png",
    "assets/minecraft/textures/entity/littleMaid/b16under_Chloe2/contract_5.png",
    "assets/minecraft/textures/entity/littleMaid/b16under_Chloe2/contract_6.png",
    "assets/minecraft/textures/entity/littleMaid/b16under_Chloe2/contract_7.png",
    "assets/minecraft/textures/entity/littleMaid/b16under_Chloe2/contract_8.png",
    "assets/minecraft/textures/entity/littleMaid/b16under_Chloe2/contract_9.png",
    "assets/minecraft/textures/entity/littleMaid/b16under_Chloe2/contract_a.png",
    "assets/minecraft/textures/entity/littleMaid/b16under_Chloe2/contract_b.png",
    "assets/minecraft/textures/entity/littleMaid/b16under_Chloe2/contract_c.png",
    "assets/minecraft/textures/entity/littleMaid/b16under_Chloe2/contract_d.png",
    "assets/minecraft/textures/entity/littleMaid/b16under_Chloe2/contract_e.png",
    "assets/minecraft/textures/entity/littleMaid/b16under_Chloe2/contract_f.png",
    "assets/minecraft/textures/entity/littleMaid/b16under_Chloe2/default_40.png",
    "assets/minecraft/textures/entity/littleMaid/b16under_Chloe2/default_50.png"
  ],
  "b3color_Beverly4": [
    "mob/littleMaid/b3color_Beverly4/contract_0.png",
    "mob/littleMaid/b3color_Beverly4/contract_1.png",
    "mob/littleMaid/b3color_Beverly4/contract_2.png",
    "mob/littleMaid/b3color_Beverly4/contract_3.png",
    "mob/littleMaid/b3color_Beverly4/contract_4.png",
    "mob/littleMaid/b3color_Beverly4/contract_5.png",
    "mob/littleMaid/b3color_Beverly4/contract_6.png",
    "mob/littleMaid/b3color_Beverly4/contract_7.png",
    "mob/littleMaid/b3color_Beverly4/contract_8.png",
    "mob/littleMaid/b3color_Beverly4/contract_9.png",
    "mob/littleMaid/b3color_Beverly4/contract_a.png",
    "mob/littleMaid/b3color_Beverly4/contract_b.png",
    "mob/littleMaid/b3color_Beverly4/contract_c.png",
    "mob/littleMaid/b3color_Beverly4/contract_d.png",
    "mob/littleMaid/b3color_Beverly4/contract_e.png",
    "mob/littleMaid/b3color_Beverly4/contract_f.png",
    "mob/littleMaid/b3color_Beverly4/default_50.png",
    "mob/littleMaid/b3color_Beverly4/diamond_40.png",
    "mob/littleMaid/b3color_Beverly4/diamond_50.png",
    "mob/littleMaid/b3color_Beverly4/gold_40.png",
    "mob/littleMaid/b3color_Beverly4/gold_50.png",
    "mob/littleMaid/b3color_Beverly4/iron_40.png",
    "mob/littleMaid/b3color_Beverly4/iron_50.png"
  ],
  "b4color_Beverly3": [
    "mob/littleMaid/b4color_Beverly3/contract_0.png",
    "mob/littleMaid/b4color_Beverly3/contract_1.png",
    "mob/littleMaid/b4color_Beverly3/contract_2.png",
    "mob/littleMaid/b4color_Beverly3/contract_3.png",
    "mob/littleMaid/b4color_Beverly3/contract_4.png",
    "mob/littleMaid/b4color_Beverly3/contract_5.png",
    "mob/littleMaid/b4color_Beverly3/contract_6.png",
    "mob/littleMaid/b4color_Beverly3/contract_7.png",
    "mob/littleMaid/b4color_Beverly3/contract_8.png",
    "mob/littleMaid/b4color_Beverly3/contract_9.png",
    "mob/littleMaid/b4color_Beverly3/contract_b.png",
    "mob/littleMaid/b4color_Beverly3/contract_c.png",
    "mob/littleMaid/b4color_Beverly3/contract_d.png",
    "mob/littleMaid/b4color_Beverly3/contract_e.png",
    "mob/littleMaid/b4color_Beverly3/contract_f.png",
    "mob/littleMaid/b4color_Beverly3/default_50.png",
    "mob/littleMaid/b4color_Beverly3/diamond_40.png",
    "mob/littleMaid/b4color_Beverly3/diamond_50.png",
    "mob/littleMaid/b4color_Beverly3/gold_40.png",
    "mob/littleMaid/b4color_Beverly3/gold_50.png",
    "mob/littleMaid/b4color_Beverly3/iron_40.png",
    "mob/littleMaid/b4color_Beverly3/iron_50.png",
    "mob/littleMaid/b4color_Beverly3/contract_a.png"
  ],
  "b4under_Beverly4": [
    "mob/littleMaid/b4under_Beverly4/contract_0.png",
    "mob/littleMaid/b4under_Beverly4/contract_1.png",
    "mob/littleMaid/b4under_Beverly4/contract_2.png",
    "mob/littleMaid/b4under_Beverly4/contract_3.png",
    "mob/littleMaid/b4under_Beverly4/contract_4.png",
    "mob/littleMaid/b4under_Beverly4/contract_5.png",
    "mob/littleMaid/b4under_Beverly4/contract_6.png",
    "mob/littleMaid/b4under_Beverly4/contract_7.png",
    "mob/littleMaid/b4under_Beverly4/contract_8.png",
    "mob/littleMaid/b4under_Beverly4/contract_9.png",
    "mob/littleMaid/b4under_Beverly4/contract_a.png",
    "mob/littleMaid/b4under_Beverly4/contract_b.png",
    "mob/littleMaid/b4under_Beverly4/contract_c.png",
    "mob/littleMaid/b4under_Beverly4/contract_d.png",
    "mob/littleMaid/b4under_Beverly4/contract_e.png",
    "mob/littleMaid/b4under_Beverly4/contract_f.png",
    "mob/littleMaid/b4under_Beverly4/default_40.png",
    "mob/littleMaid/b4under_Beverly4/default_42.png",
    "mob/littleMaid/b4under_Beverly4/default_46.png",
    "mob/littleMaid/b4under_Beverly4/default_49.png"
  ],
  "cDM_cDMB": [
    "assets/minecraft/textures/entity/littleMaid/cDM_cDMB/cDMB_02.png",
    "assets/minecraft/textures/entity/littleMaid/cDM_cDMB/cDMB_03.png"
  ],
  "cDM_L_cDMWmd": [
    "assets/minecraft/textures/entity/littleMaid/cDM_L_cDMWmd/default_40.png",
    "assets/minecraft/textures/entity/littleMaid/cDM_L_cDMWmd/default_50.png"
  ],
  "cDM_M_cDMWmd": [
    "assets/minecraft/textures/entity/littleMaid/cDM_M_cDMWmd/default_40.png",
    "assets/minecraft/textures/entity/littleMaid/cDM_M_cDMWmd/default_50.png"
  ],
  "cDM_S_cDMWmd": [
    "assets/minecraft/textures/entity/littleMaid/cDM_S_cDMWmd/default_40.png",
    "assets/minecraft/textures/entity/littleMaid/cDM_S_cDMWmd/default_50.png"
  ],
  "cDM_X_cDMWmd": [
    "assets/minecraft/textures/entity/littleMaid/cDM_X_cDMWmd/default_40.png",
    "assets/minecraft/textures/entity/littleMaid/cDM_X_cDMWmd/default_50.png"
  ],
  "Claire_Aug": [
    "mob/littleMaid/Claire_Aug/cloth_40.png",
    "mob/littleMaid/Claire_Aug/cloth_50.png",
    "mob/littleMaid/Claire_Aug/default_40.png",
    "mob/littleMaid/Claire_Aug/default_50.png",
    "mob/littleMaid/Claire_Aug/diamond_40.png",
    "mob/littleMaid/Claire_Aug/diamond_50.png",
    "mob/littleMaid/Claire_Aug/gold_40.png",
    "mob/littleMaid/Claire_Aug/gold_50.png",
    "mob/littleMaid/Claire_Aug/iron_40.png",
    "mob/littleMaid/Claire_Aug/iron_50.png",
    "mob/littleMaid/Claire_Aug/paper_40.png",
    "mob/littleMaid/Claire_Aug/paper_50.png",
    "mob/littleMaid/Claire_Aug/wood_40.png",
    "mob/littleMaid/Claire_Aug/wood_50.png",
    "mob/littleMaid/Claire_Aug/wool_40.png",
    "mob/littleMaid/Claire_Aug/wool_50.png",
    "mob/littleMaid/Claire_Aug/_00.png",
    "mob/littleMaid/Claire_Aug/_01.png",
    "mob/littleMaid/Claire_Aug/_02.png",
    "mob/littleMaid/Claire_Aug/_03.png",
    "mob/littleMaid/Claire_Aug/_04.png",
    "mob/littleMaid/Claire_Aug/_05.png",
    "mob/littleMaid/Claire_Aug/_06.png",
    "mob/littleMaid/Claire_Aug/_07.png",
    "mob/littleMaid/Claire_Aug/_08.png",
    "mob/littleMaid/Claire_Aug/_09.png",
    "mob/littleMaid/Claire_Aug/_0a.png",
    "mob/littleMaid/Claire_Aug/_0b.png",
    "mob/littleMaid/Claire_Aug/_0c.png",
    "mob/littleMaid/Claire_Aug/_0d.png",
    "mob/littleMaid/Claire_Aug/_0e.png",
    "mob/littleMaid/Claire_Aug/_0f.png",
    "mob/littleMaid/Claire_Aug/_20.png",
    "mob/littleMaid/Claire_Aug/_30.png",
    "mob/littleMaid/Claire_Aug/_31.png",
    "mob/littleMaid/Claire_Aug/_32.png",
    "mob/littleMaid/Claire_Aug/_33.png",
    "mob/littleMaid/Claire_Aug/_34.png",
    "mob/littleMaid/Claire_Aug/_35.png",
    "mob/littleMaid/Claire_Aug/_36.png",
    "mob/littleMaid/Claire_Aug/_37.png",
    "mob/littleMaid/Claire_Aug/_38.png",
    "mob/littleMaid/Claire_Aug/_39.png",
    "mob/littleMaid/Claire_Aug/_3a.png",
    "mob/littleMaid/Claire_Aug/_3b.png",
    "mob/littleMaid/Claire_Aug/_3c.png",
    "mob/littleMaid/Claire_Aug/_3d.png",
    "mob/littleMaid/Claire_Aug/_3e.png",
    "mob/littleMaid/Claire_Aug/_3f.png"
  ],
  "Claire_Beverly2": [
    "mob/littleMaid/Claire_Beverly2/cloth_40.png",
    "mob/littleMaid/Claire_Beverly2/cloth_50.png",
    "mob/littleMaid/Claire_Beverly2/default_40.png",
    "mob/littleMaid/Claire_Beverly2/default_50.png",
    "mob/littleMaid/Claire_Beverly2/diamond_40.png",
    "mob/littleMaid/Claire_Beverly2/diamond_50.png",
    "mob/littleMaid/Claire_Beverly2/gold_40.png",
    "mob/littleMaid/Claire_Beverly2/gold_50.png",
    "mob/littleMaid/Claire_Beverly2/iron_40.png",
    "mob/littleMaid/Claire_Beverly2/iron_50.png",
    "mob/littleMaid/Claire_Beverly2/paper_40.png",
    "mob/littleMaid/Claire_Beverly2/paper_50.png",
    "mob/littleMaid/Claire_Beverly2/wood_40.png",
    "mob/littleMaid/Claire_Beverly2/wood_50.png",
    "mob/littleMaid/Claire_Beverly2/wool_40.png",
    "mob/littleMaid/Claire_Beverly2/wool_50.png",
    "mob/littleMaid/Claire_Beverly2/_00.png",
    "mob/littleMaid/Claire_Beverly2/_01.png",
    "mob/littleMaid/Claire_Beverly2/_02.png",
    "mob/littleMaid/Claire_Beverly2/_03.png",
    "mob/littleMaid/Claire_Beverly2/_04.png",
    "mob/littleMaid/Claire_Beverly2/_05.png",
    "mob/littleMaid/Claire_Beverly2/_06.png",
    "mob/littleMaid/Claire_Beverly2/_07.png",
    "mob/littleMaid/Claire_Beverly2/_08.png",
    "mob/littleMaid/Claire_Beverly2/_09.png",
    "mob/littleMaid/Claire_Beverly2/_0a.png",
    "mob/littleMaid/Claire_Beverly2/_0b.png",
    "mob/littleMaid/Claire_Beverly2/_0c.png",
    "mob/littleMaid/Claire_Beverly2/_0d.png",
    "mob/littleMaid/Claire_Beverly2/_0e.png",
    "mob/littleMaid/Claire_Beverly2/_0f.png",
    "mob/littleMaid/Claire_Beverly2/_20.png"
  ],
  "CV_Angel": [
    "assets/minecraft/textures/entity/ModelMulti/CV_Angel/Angel_00.png",
    "assets/minecraft/textures/entity/ModelMulti/CV_Angel/Angel_01.png",
    "assets/minecraft/textures/entity/ModelMulti/CV_Angel/Angel_02.png",
    "assets/minecraft/textures/entity/ModelMulti/CV_Angel/Angel_03.png",
    "assets/minecraft/textures/entity/ModelMulti/CV_Angel/Angel_04.png",
    "assets/minecraft/textures/entity/ModelMulti/CV_Angel/Angel_05.png",
    "assets/minecraft/textures/entity/ModelMulti/CV_Angel/Angel_06.png",
    "assets/minecraft/textures/entity/ModelMulti/CV_Angel/Angel_07.png",
    "assets/minecraft/textures/entity/ModelMulti/CV_Angel/Angel_08.png",
    "assets/minecraft/textures/entity/ModelMulti/CV_Angel/Angel_09.png",
    "assets/minecraft/textures/entity/ModelMulti/CV_Angel/Angel_0a.png",
    "assets/minecraft/textures/entity/ModelMulti/CV_Angel/Angel_0b.png",
    "assets/minecraft/textures/entity/ModelMulti/CV_Angel/Angel_0c.png",
    "assets/minecraft/textures/entity/ModelMulti/CV_Angel/Angel_0d.png",
    "assets/minecraft/textures/entity/ModelMulti/CV_Angel/Angel_0e.png",
    "assets/minecraft/textures/entity/ModelMulti/CV_Angel/Angel_0f.png",
    "assets/minecraft/textures/entity/ModelMulti/CV_Angel/Angel_3c.png",
    "assets/minecraft/textures/entity/ModelMulti/CV_Angel/default_40.png",
    "assets/minecraft/textures/entity/ModelMulti/CV_Angel/default_50.png",
    "assets/minecraft/textures/entity/ModelMulti/CV_Angel/diamond_40.png",
    "assets/minecraft/textures/entity/ModelMulti/CV_Angel/diamond_50.png",
    "assets/minecraft/textures/entity/ModelMulti/CV_Angel/gold_40.png",
    "assets/minecraft/textures/entity/ModelMulti/CV_Angel/gold_50.png",
    "assets/minecraft/textures/entity/ModelMulti/CV_Angel/iron_40.png",
    "assets/minecraft/textures/entity/ModelMulti/CV_Angel/iron_50.png",
    "assets/minecraft/textures/entity/ModelMulti/CV_Angel/leather_40.png",
    "assets/minecraft/textures/entity/ModelMulti/CV_Angel/leather_50.png",
    "assets/minecraft/textures/entity/ModelMulti/CV_Angel/littlemaidinventory_20.png"
  ],
  "CV_ChibiNeko": [
    "assets/minecraft/textures/entity/ModelMulti/CV_ChibiNeko/ChibiNeko_00.png",
    "assets/minecraft/textures/entity/ModelMulti/CV_ChibiNeko/ChibiNeko_01.png",
    "assets/minecraft/textures/entity/ModelMulti/CV_ChibiNeko/ChibiNeko_02.png",
    "assets/minecraft/textures/entity/ModelMulti/CV_ChibiNeko/ChibiNeko_03.png",
    "assets/minecraft/textures/entity/ModelMulti/CV_ChibiNeko/ChibiNeko_04.png",
    "assets/minecraft/textures/entity/ModelMulti/CV_ChibiNeko/ChibiNeko_05.png",
    "assets/minecraft/textures/entity/ModelMulti/CV_ChibiNeko/ChibiNeko_06.png",
    "assets/minecraft/textures/entity/ModelMulti/CV_ChibiNeko/ChibiNeko_07.png",
    "assets/minecraft/textures/entity/ModelMulti/CV_ChibiNeko/ChibiNeko_08.png",
    "assets/minecraft/textures/entity/ModelMulti/CV_ChibiNeko/ChibiNeko_09.png",
    "assets/minecraft/textures/entity/ModelMulti/CV_ChibiNeko/ChibiNeko_0a.png",
    "assets/minecraft/textures/entity/ModelMulti/CV_ChibiNeko/ChibiNeko_0b.png",
    "assets/minecraft/textures/entity/ModelMulti/CV_ChibiNeko/ChibiNeko_0c.png",
    "assets/minecraft/textures/entity/ModelMulti/CV_ChibiNeko/ChibiNeko_0d.png",
    "assets/minecraft/textures/entity/ModelMulti/CV_ChibiNeko/ChibiNeko_0e.png",
    "assets/minecraft/textures/entity/ModelMulti/CV_ChibiNeko/ChibiNeko_0f.png",
    "assets/minecraft/textures/entity/ModelMulti/CV_ChibiNeko/ChibiNeko_30.png",
    "assets/minecraft/textures/entity/ModelMulti/CV_ChibiNeko/ChibiNeko_31.png",
    "assets/minecraft/textures/entity/ModelMulti/CV_ChibiNeko/ChibiNeko_32.png",
    "assets/minecraft/textures/entity/ModelMulti/CV_ChibiNeko/ChibiNeko_33.png",
    "assets/minecraft/textures/entity/ModelMulti/CV_ChibiNeko/ChibiNeko_34.png",
    "assets/minecraft/textures/entity/ModelMulti/CV_ChibiNeko/ChibiNeko_35.png",
    "assets/minecraft/textures/entity/ModelMulti/CV_ChibiNeko/ChibiNeko_36.png",
    "assets/minecraft/textures/entity/ModelMulti/CV_ChibiNeko/ChibiNeko_37.png",
    "assets/minecraft/textures/entity/ModelMulti/CV_ChibiNeko/ChibiNeko_38.png",
    "assets/minecraft/textures/entity/ModelMulti/CV_ChibiNeko/ChibiNeko_39.png",
    "assets/minecraft/textures/entity/ModelMulti/CV_ChibiNeko/ChibiNeko_3a.png",
    "assets/minecraft/textures/entity/ModelMulti/CV_ChibiNeko/ChibiNeko_3b.png",
    "assets/minecraft/textures/entity/ModelMulti/CV_ChibiNeko/ChibiNeko_3c.png",
    "assets/minecraft/textures/entity/ModelMulti/CV_ChibiNeko/ChibiNeko_3d.png",
    "assets/minecraft/textures/entity/ModelMulti/CV_ChibiNeko/ChibiNeko_3e.png",
    "assets/minecraft/textures/entity/ModelMulti/CV_ChibiNeko/ChibiNeko_3f.png",
    "assets/minecraft/textures/entity/ModelMulti/CV_ChibiNeko/default_40.png",
    "assets/minecraft/textures/entity/ModelMulti/CV_ChibiNeko/default_50.png",
    "assets/minecraft/textures/entity/ModelMulti/CV_ChibiNeko/diamond_40.png",
    "assets/minecraft/textures/entity/ModelMulti/CV_ChibiNeko/diamond_50.png",
    "assets/minecraft/textures/entity/ModelMulti/CV_ChibiNeko/gold_40.png",
    "assets/minecraft/textures/entity/ModelMulti/CV_ChibiNeko/gold_50.png",
    "assets/minecraft/textures/entity/ModelMulti/CV_ChibiNeko/iron_40.png",
    "assets/minecraft/textures/entity/ModelMulti/CV_ChibiNeko/iron_50.png",
    "assets/minecraft/textures/entity/ModelMulti/CV_ChibiNeko/leather_40.png",
    "assets/minecraft/textures/entity/ModelMulti/CV_ChibiNeko/leather_50.png",
    "assets/minecraft/textures/entity/ModelMulti/CV_ChibiNeko/littlemaidinventory_20.png"
  ],
  "CV_DogAngel": [
    "assets/minecraft/textures/entity/ModelMulti/CV_DogAngel/default_40.png",
    "assets/minecraft/textures/entity/ModelMulti/CV_DogAngel/default_50.png",
    "assets/minecraft/textures/entity/ModelMulti/CV_DogAngel/DogAngel_00.png",
    "assets/minecraft/textures/entity/ModelMulti/CV_DogAngel/DogAngel_01.png",
    "assets/minecraft/textures/entity/ModelMulti/CV_DogAngel/DogAngel_02.png",
    "assets/minecraft/textures/entity/ModelMulti/CV_DogAngel/DogAngel_03.png",
    "assets/minecraft/textures/entity/ModelMulti/CV_DogAngel/DogAngel_04.png",
    "assets/minecraft/textures/entity/ModelMulti/CV_DogAngel/DogAngel_05.png",
    "assets/minecraft/textures/entity/ModelMulti/CV_DogAngel/DogAngel_06.png",
    "assets/minecraft/textures/entity/ModelMulti/CV_DogAngel/DogAngel_07.png",
    "assets/minecraft/textures/entity/ModelMulti/CV_DogAngel/DogAngel_08.png",
    "assets/minecraft/textures/entity/ModelMulti/CV_DogAngel/DogAngel_09.png",
    "assets/minecraft/textures/entity/ModelMulti/CV_DogAngel/DogAngel_0a.png",
    "assets/minecraft/textures/entity/ModelMulti/CV_DogAngel/DogAngel_0b.png",
    "assets/minecraft/textures/entity/ModelMulti/CV_DogAngel/DogAngel_0c.png",
    "assets/minecraft/textures/entity/ModelMulti/CV_DogAngel/DogAngel_0d.png",
    "assets/minecraft/textures/entity/ModelMulti/CV_DogAngel/DogAngel_0e.png",
    "assets/minecraft/textures/entity/ModelMulti/CV_DogAngel/DogAngel_0f.png",
    "assets/minecraft/textures/entity/ModelMulti/CV_DogAngel/DogAngel_30.png",
    "assets/minecraft/textures/entity/ModelMulti/CV_DogAngel/DogAngel_31.png",
    "assets/minecraft/textures/entity/ModelMulti/CV_DogAngel/DogAngel_32.png",
    "assets/minecraft/textures/entity/ModelMulti/CV_DogAngel/DogAngel_33.png",
    "assets/minecraft/textures/entity/ModelMulti/CV_DogAngel/DogAngel_34.png",
    "assets/minecraft/textures/entity/ModelMulti/CV_DogAngel/DogAngel_35.png",
    "assets/minecraft/textures/entity/ModelMulti/CV_DogAngel/DogAngel_36.png",
    "assets/minecraft/textures/entity/ModelMulti/CV_DogAngel/DogAngel_37.png",
    "assets/minecraft/textures/entity/ModelMulti/CV_DogAngel/DogAngel_38.png",
    "assets/minecraft/textures/entity/ModelMulti/CV_DogAngel/DogAngel_39.png",
    "assets/minecraft/textures/entity/ModelMulti/CV_DogAngel/DogAngel_3a.png",
    "assets/minecraft/textures/entity/ModelMulti/CV_DogAngel/DogAngel_3b.png",
    "assets/minecraft/textures/entity/ModelMulti/CV_DogAngel/DogAngel_3c.png",
    "assets/minecraft/textures/entity/ModelMulti/CV_DogAngel/DogAngel_3d.png",
    "assets/minecraft/textures/entity/ModelMulti/CV_DogAngel/DogAngel_3e.png",
    "assets/minecraft/textures/entity/ModelMulti/CV_DogAngel/DogAngel_3f.png"
  ],
  "CV_DogAngel2": [
    "assets/minecraft/textures/entity/ModelMulti/CV_DogAngel2/default_40.png",
    "assets/minecraft/textures/entity/ModelMulti/CV_DogAngel2/default_50.png",
    "assets/minecraft/textures/entity/ModelMulti/CV_DogAngel2/DogAngel_00.png",
    "assets/minecraft/textures/entity/ModelMulti/CV_DogAngel2/DogAngel_01.png",
    "assets/minecraft/textures/entity/ModelMulti/CV_DogAngel2/DogAngel_02.png",
    "assets/minecraft/textures/entity/ModelMulti/CV_DogAngel2/DogAngel_03.png",
    "assets/minecraft/textures/entity/ModelMulti/CV_DogAngel2/DogAngel_04.png",
    "assets/minecraft/textures/entity/ModelMulti/CV_DogAngel2/DogAngel_05.png",
    "assets/minecraft/textures/entity/ModelMulti/CV_DogAngel2/DogAngel_06.png",
    "assets/minecraft/textures/entity/ModelMulti/CV_DogAngel2/DogAngel_07.png",
    "assets/minecraft/textures/entity/ModelMulti/CV_DogAngel2/DogAngel_08.png",
    "assets/minecraft/textures/entity/ModelMulti/CV_DogAngel2/DogAngel_09.png",
    "assets/minecraft/textures/entity/ModelMulti/CV_DogAngel2/DogAngel_0a.png",
    "assets/minecraft/textures/entity/ModelMulti/CV_DogAngel2/DogAngel_0b.png",
    "assets/minecraft/textures/entity/ModelMulti/CV_DogAngel2/DogAngel_0c.png",
    "assets/minecraft/textures/entity/ModelMulti/CV_DogAngel2/DogAngel_0d.png",
    "assets/minecraft/textures/entity/ModelMulti/CV_DogAngel2/DogAngel_0e.png",
    "assets/minecraft/textures/entity/ModelMulti/CV_DogAngel2/DogAngel_0f.png",
    "assets/minecraft/textures/entity/ModelMulti/CV_DogAngel2/DogAngel_30.png",
    "assets/minecraft/textures/entity/ModelMulti/CV_DogAngel2/DogAngel_31.png",
    "assets/minecraft/textures/entity/ModelMulti/CV_DogAngel2/DogAngel_32.png",
    "assets/minecraft/textures/entity/ModelMulti/CV_DogAngel2/DogAngel_33.png",
    "assets/minecraft/textures/entity/ModelMulti/CV_DogAngel2/DogAngel_34.png",
    "assets/minecraft/textures/entity/ModelMulti/CV_DogAngel2/DogAngel_35.png",
    "assets/minecraft/textures/entity/ModelMulti/CV_DogAngel2/DogAngel_36.png",
    "assets/minecraft/textures/entity/ModelMulti/CV_DogAngel2/DogAngel_37.png",
    "assets/minecraft/textures/entity/ModelMulti/CV_DogAngel2/DogAngel_38.png",
    "assets/minecraft/textures/entity/ModelMulti/CV_DogAngel2/DogAngel_39.png",
    "assets/minecraft/textures/entity/ModelMulti/CV_DogAngel2/DogAngel_3a.png",
    "assets/minecraft/textures/entity/ModelMulti/CV_DogAngel2/DogAngel_3b.png",
    "assets/minecraft/textures/entity/ModelMulti/CV_DogAngel2/DogAngel_3c.png",
    "assets/minecraft/textures/entity/ModelMulti/CV_DogAngel2/DogAngel_3d.png",
    "assets/minecraft/textures/entity/ModelMulti/CV_DogAngel2/DogAngel_3e.png",
    "assets/minecraft/textures/entity/ModelMulti/CV_DogAngel2/DogAngel_3f.png"
  ],
  "CV_DressYukari": [
    "assets/minecraft/textures/entity/ModelMulti/CV_DressYukari/default_40.png",
    "assets/minecraft/textures/entity/ModelMulti/CV_DressYukari/default_50.png",
    "assets/minecraft/textures/entity/ModelMulti/CV_DressYukari/yukari_0a.png"
  ],
  "CV_Tenshi": [
    "assets/minecraft/textures/entity/ModelMulti/CV_Tenshi/default_40.png",
    "assets/minecraft/textures/entity/ModelMulti/CV_Tenshi/default_50.png",
    "assets/minecraft/textures/entity/ModelMulti/CV_Tenshi/diamond_40.png",
    "assets/minecraft/textures/entity/ModelMulti/CV_Tenshi/diamond_50.png",
    "assets/minecraft/textures/entity/ModelMulti/CV_Tenshi/gold_40.png",
    "assets/minecraft/textures/entity/ModelMulti/CV_Tenshi/gold_50.png",
    "assets/minecraft/textures/entity/ModelMulti/CV_Tenshi/iron_40.png",
    "assets/minecraft/textures/entity/ModelMulti/CV_Tenshi/iron_50.png",
    "assets/minecraft/textures/entity/ModelMulti/CV_Tenshi/leather_40.png",
    "assets/minecraft/textures/entity/ModelMulti/CV_Tenshi/leather_50.png",
    "assets/minecraft/textures/entity/ModelMulti/CV_Tenshi/littlemaidinventory_20.png",
    "assets/minecraft/textures/entity/ModelMulti/CV_Tenshi/Tenshi_00.png",
    "assets/minecraft/textures/entity/ModelMulti/CV_Tenshi/Tenshi_01.png",
    "assets/minecraft/textures/entity/ModelMulti/CV_Tenshi/Tenshi_02.png",
    "assets/minecraft/textures/entity/ModelMulti/CV_Tenshi/Tenshi_03.png",
    "assets/minecraft/textures/entity/ModelMulti/CV_Tenshi/Tenshi_04.png",
    "assets/minecraft/textures/entity/ModelMulti/CV_Tenshi/Tenshi_05.png",
    "assets/minecraft/textures/entity/ModelMulti/CV_Tenshi/Tenshi_06.png",
    "assets/minecraft/textures/entity/ModelMulti/CV_Tenshi/Tenshi_07.png",
    "assets/minecraft/textures/entity/ModelMulti/CV_Tenshi/Tenshi_08.png",
    "assets/minecraft/textures/entity/ModelMulti/CV_Tenshi/Tenshi_09.png",
    "assets/minecraft/textures/entity/ModelMulti/CV_Tenshi/Tenshi_0a.png",
    "assets/minecraft/textures/entity/ModelMulti/CV_Tenshi/Tenshi_0b.png",
    "assets/minecraft/textures/entity/ModelMulti/CV_Tenshi/Tenshi_0c.png",
    "assets/minecraft/textures/entity/ModelMulti/CV_Tenshi/Tenshi_0d.png",
    "assets/minecraft/textures/entity/ModelMulti/CV_Tenshi/Tenshi_0e.png",
    "assets/minecraft/textures/entity/ModelMulti/CV_Tenshi/Tenshi_0f.png",
    "assets/minecraft/textures/entity/ModelMulti/CV_Tenshi/Tenshi_3b.png"
  ],
  "CV_Utsuho": [
    "assets/minecraft/textures/entity/ModelMulti/CV_Utsuho/default_40.png",
    "assets/minecraft/textures/entity/ModelMulti/CV_Utsuho/default_50.png",
    "assets/minecraft/textures/entity/ModelMulti/CV_Utsuho/littlemaidinventory_20.png",
    "assets/minecraft/textures/entity/ModelMulti/CV_Utsuho/Utsuho_00.png",
    "assets/minecraft/textures/entity/ModelMulti/CV_Utsuho/Utsuho_01.png",
    "assets/minecraft/textures/entity/ModelMulti/CV_Utsuho/Utsuho_02.png",
    "assets/minecraft/textures/entity/ModelMulti/CV_Utsuho/Utsuho_03.png",
    "assets/minecraft/textures/entity/ModelMulti/CV_Utsuho/Utsuho_04.png",
    "assets/minecraft/textures/entity/ModelMulti/CV_Utsuho/Utsuho_05.png",
    "assets/minecraft/textures/entity/ModelMulti/CV_Utsuho/Utsuho_06.png",
    "assets/minecraft/textures/entity/ModelMulti/CV_Utsuho/Utsuho_07.png",
    "assets/minecraft/textures/entity/ModelMulti/CV_Utsuho/Utsuho_08.png",
    "assets/minecraft/textures/entity/ModelMulti/CV_Utsuho/Utsuho_09.png",
    "assets/minecraft/textures/entity/ModelMulti/CV_Utsuho/Utsuho_0a.png",
    "assets/minecraft/textures/entity/ModelMulti/CV_Utsuho/Utsuho_0b.png",
    "assets/minecraft/textures/entity/ModelMulti/CV_Utsuho/Utsuho_0c.png",
    "assets/minecraft/textures/entity/ModelMulti/CV_Utsuho/Utsuho_0d.png",
    "assets/minecraft/textures/entity/ModelMulti/CV_Utsuho/Utsuho_0e.png",
    "assets/minecraft/textures/entity/ModelMulti/CV_Utsuho/Utsuho_0f.png",
    "assets/minecraft/textures/entity/ModelMulti/CV_Utsuho/Utsuho_3d.png"
  ],
  "CV_Yomu": [
    "assets/minecraft/textures/entity/ModelMulti/CV_Yomu/default_40.png",
    "assets/minecraft/textures/entity/ModelMulti/CV_Yomu/default_50.png",
    "assets/minecraft/textures/entity/ModelMulti/CV_Yomu/diamond_40.png",
    "assets/minecraft/textures/entity/ModelMulti/CV_Yomu/diamond_50.png",
    "assets/minecraft/textures/entity/ModelMulti/CV_Yomu/gold_40.png",
    "assets/minecraft/textures/entity/ModelMulti/CV_Yomu/gold_50.png",
    "assets/minecraft/textures/entity/ModelMulti/CV_Yomu/iron_40.png",
    "assets/minecraft/textures/entity/ModelMulti/CV_Yomu/iron_50.png",
    "assets/minecraft/textures/entity/ModelMulti/CV_Yomu/leather_40.png",
    "assets/minecraft/textures/entity/ModelMulti/CV_Yomu/leather_50.png",
    "assets/minecraft/textures/entity/ModelMulti/CV_Yomu/littlemaidinventory_20.png",
    "assets/minecraft/textures/entity/ModelMulti/CV_Yomu/Yomu_01.png",
    "assets/minecraft/textures/entity/ModelMulti/CV_Yomu/Yomu_02.png",
    "assets/minecraft/textures/entity/ModelMulti/CV_Yomu/Yomu_03.png",
    "assets/minecraft/textures/entity/ModelMulti/CV_Yomu/Yomu_04.png",
    "assets/minecraft/textures/entity/ModelMulti/CV_Yomu/Yomu_05.png",
    "assets/minecraft/textures/entity/ModelMulti/CV_Yomu/Yomu_06.png",
    "assets/minecraft/textures/entity/ModelMulti/CV_Yomu/Yomu_07.png",
    "assets/minecraft/textures/entity/ModelMulti/CV_Yomu/Yomu_08.png",
    "assets/minecraft/textures/entity/ModelMulti/CV_Yomu/Yomu_09.png",
    "assets/minecraft/textures/entity/ModelMulti/CV_Yomu/Yomu_0a.png",
    "assets/minecraft/textures/entity/ModelMulti/CV_Yomu/Yomu_0b.png",
    "assets/minecraft/textures/entity/ModelMulti/CV_Yomu/Yomu_0c.png",
    "assets/minecraft/textures/entity/ModelMulti/CV_Yomu/Yomu_0d.png",
    "assets/minecraft/textures/entity/ModelMulti/CV_Yomu/Yomu_0e.png",
    "assets/minecraft/textures/entity/ModelMulti/CV_Yomu/Yomu_0f.png",
    "assets/minecraft/textures/entity/ModelMulti/CV_Yomu/Yomu_3d.png"
  ],
  "default": [
    "assets/minecraft/textures/entity/littlemaid/default/default_40.png",
    "assets/minecraft/textures/entity/littlemaid/default/default_45.png",
    "assets/minecraft/textures/entity/littlemaid/default/default_50.png",
    "assets/minecraft/textures/entity/littlemaid/default/default_55.png",
    "assets/minecraft/textures/entity/littlemaid/default/mob_littlemaid_00.png",
    "assets/minecraft/textures/entity/littlemaid/default/mob_littlemaid_01.png",
    "assets/minecraft/textures/entity/littlemaid/default/mob_littlemaid_02.png",
    "assets/minecraft/textures/entity/littlemaid/default/mob_littlemaid_03.png",
    "assets/minecraft/textures/entity/littlemaid/default/mob_littlemaid_04.png",
    "assets/minecraft/textures/entity/littlemaid/default/mob_littlemaid_05.png",
    "assets/minecraft/textures/entity/littlemaid/default/mob_littlemaid_06.png",
    "assets/minecraft/textures/entity/littlemaid/default/mob_littlemaid_07.png",
    "assets/minecraft/textures/entity/littlemaid/default/mob_littlemaid_08.png",
    "assets/minecraft/textures/entity/littlemaid/default/mob_littlemaid_09.png",
    "assets/minecraft/textures/entity/littlemaid/default/mob_littlemaid_0a.png",
    "assets/minecraft/textures/entity/littlemaid/default/mob_littlemaid_0b.png",
    "assets/minecraft/textures/entity/littlemaid/default/mob_littlemaid_0c.png",
    "assets/minecraft/textures/entity/littlemaid/default/mob_littlemaid_0d.png",
    "assets/minecraft/textures/entity/littlemaid/default/mob_littlemaid_0e.png",
    "assets/minecraft/textures/entity/littlemaid/default/mob_littlemaid_0f.png",
    "assets/minecraft/textures/entity/littlemaid/default/mob_littlemaid_3c.png"
  ],
  "e15color_Elsa5": [
    "assets/minecraft/textures/entity/littleMaid/e15color_Elsa5/contract_0.png",
    "assets/minecraft/textures/entity/littleMaid/e15color_Elsa5/contract_1.png",
    "assets/minecraft/textures/entity/littleMaid/e15color_Elsa5/contract_2.png",
    "assets/minecraft/textures/entity/littleMaid/e15color_Elsa5/contract_3.png",
    "assets/minecraft/textures/entity/littleMaid/e15color_Elsa5/contract_4.png",
    "assets/minecraft/textures/entity/littleMaid/e15color_Elsa5/contract_5.png",
    "assets/minecraft/textures/entity/littleMaid/e15color_Elsa5/contract_6.png",
    "assets/minecraft/textures/entity/littleMaid/e15color_Elsa5/contract_7.png",
    "assets/minecraft/textures/entity/littleMaid/e15color_Elsa5/contract_8.png",
    "assets/minecraft/textures/entity/littleMaid/e15color_Elsa5/contract_9.png",
    "assets/minecraft/textures/entity/littleMaid/e15color_Elsa5/contract_a.png",
    "assets/minecraft/textures/entity/littleMaid/e15color_Elsa5/contract_b.png",
    "assets/minecraft/textures/entity/littleMaid/e15color_Elsa5/contract_c.png",
    "assets/minecraft/textures/entity/littleMaid/e15color_Elsa5/contract_d.png",
    "assets/minecraft/textures/entity/littleMaid/e15color_Elsa5/contract_e.png",
    "assets/minecraft/textures/entity/littleMaid/e15color_Elsa5/contract_f.png",
    "assets/minecraft/textures/entity/littleMaid/e15color_Elsa5/default_40.png",
    "assets/minecraft/textures/entity/littleMaid/e15color_Elsa5/default_50.png",
    "assets/minecraft/textures/entity/littleMaid/e15color_Elsa5/wilde_3c.png"
  ],
  "e15under_Elsa5": [
    "assets/minecraft/textures/entity/littleMaid/e15under_Elsa5/contract_0.png",
    "assets/minecraft/textures/entity/littleMaid/e15under_Elsa5/contract_1.png",
    "assets/minecraft/textures/entity/littleMaid/e15under_Elsa5/contract_2.png",
    "assets/minecraft/textures/entity/littleMaid/e15under_Elsa5/contract_3.png",
    "assets/minecraft/textures/entity/littleMaid/e15under_Elsa5/contract_4.png",
    "assets/minecraft/textures/entity/littleMaid/e15under_Elsa5/contract_5.png",
    "assets/minecraft/textures/entity/littleMaid/e15under_Elsa5/contract_6.png",
    "assets/minecraft/textures/entity/littleMaid/e15under_Elsa5/contract_7.png",
    "assets/minecraft/textures/entity/littleMaid/e15under_Elsa5/contract_8.png",
    "assets/minecraft/textures/entity/littleMaid/e15under_Elsa5/contract_9.png",
    "assets/minecraft/textures/entity/littleMaid/e15under_Elsa5/contract_a.png",
    "assets/minecraft/textures/entity/littleMaid/e15under_Elsa5/contract_b.png",
    "assets/minecraft/textures/entity/littleMaid/e15under_Elsa5/contract_c.png",
    "assets/minecraft/textures/entity/littleMaid/e15under_Elsa5/contract_d.png",
    "assets/minecraft/textures/entity/littleMaid/e15under_Elsa5/contract_e.png",
    "assets/minecraft/textures/entity/littleMaid/e15under_Elsa5/contract_f.png",
    "assets/minecraft/textures/entity/littleMaid/e15under_Elsa5/default_40.png",
    "assets/minecraft/textures/entity/littleMaid/e15under_Elsa5/default_50.png"
  ],
  "LittleMaidMob_NM": [
    "mob/littleMaid/LittleMaidMob_NM/default_11.png",
    "mob/littleMaid/LittleMaidMob_NM/default_12.png",
    "mob/littleMaid/LittleMaidMob_NM/littlemaid_ai_a.png",
    "mob/littleMaid/LittleMaidMob_NM/littlemaid_Ar_1.png",
    "mob/littleMaid/LittleMaidMob_NM/littlemaid_Ar_6.png",
    "mob/littleMaid/LittleMaidMob_NM/littlemaid_Ar_b.png",
    "mob/littleMaid/LittleMaidMob_NM/littlemaid_sword_f.png",
    "mob/littleMaid/LittleMaidMob_NM/littlemaid_S_e.png",
    "mob/littleMaid/LittleMaidMob_NM/littlemaid_Yu_8.png"
  ],
  "LittleMaidMob_NM1": [
    "mob/littleMaid/LittleMaidMob_NM1/Axe_11.png",
    "mob/littleMaid/LittleMaidMob_NM1/Axe_12.png",
    "mob/littleMaid/LittleMaidMob_NM1/NM1_0.png"
  ],
  "mmm_aug": [
    "assets/minecraft/textures/entity/littlemaid/mmm_aug/aug_02.png",
    "assets/minecraft/textures/entity/littlemaid/mmm_aug/aug_08.png",
    "assets/minecraft/textures/entity/littlemaid/mmm_aug/aug_0c.png",
    "assets/minecraft/textures/entity/littlemaid/mmm_aug/aug_0d.png"
  ],
  "mmm_sr2": [
    "assets/minecraft/textures/entity/littlemaid/mmm_sr2/engageoctaver_0c.png",
    "assets/minecraft/textures/entity/littlemaid/mmm_sr2/engageoctaver_3c.png"
  ],
  "Sword_NM": [
    "mob/littleMaid/Sword_NM/littlemaid_sword_11.png",
    "mob/littleMaid/Sword_NM/littlemaid_sword_12.png"
  ]
}
