{
  "default_soundpack": "littleMaid_yansho",
  "soundpacks": {
    "littleMaid_yansho": {
      "soundpackName": "littleMaid_yansho",
      "livingVoiceRate": 0.2,
      "voices": {
        "hurt_guard": [
          "littleMaid_YanchaShotaVoice101/littleMaid_yansho/hurt_guard1.ogg",
          "littleMaid_YanchaShotaVoice101/littleMaid_yansho/hurt_guard2.ogg",
          "littleMaid_YanchaShotaVoice101/littleMaid_yansho/hurt_guard3.ogg"
        ],
        "collect_snow": [
          "littleMaid_YanchaShotaVoice101/littleMaid_yansho/collect_snow1.ogg",
          "littleMaid_YanchaShotaVoice101/littleMaid_yansho/collect_snow2.ogg",
          "littleMaid_YanchaShotaVoice101/littleMaid_yansho/collect_snow3.ogg",
          "littleMaid_YanchaShotaVoice101/littleMaid_yansho/collect_snow4.ogg",
          "littleMaid_YanchaShotaVoice101/littleMaid_yansho/collect_snow5.ogg",
          "littleMaid_YanchaShotaVoice101/littleMaid_yansho/collect_snow6.ogg"
        ],
        "farmer_harvest": [
          "littleMaid_YanchaShotaVoice101/littleMaid_yansho/farmer_harvest1.ogg",
          "littleMaid_YanchaShotaVoice101/littleMaid_yansho/farmer_harvest2.ogg",
          "littleMaid_YanchaShotaVoice101/littleMaid_yansho/farmer_harvest3.ogg",
          "littleMaid_YanchaShotaVoice101/littleMaid_yansho/farmer_harvest4.ogg",
          "littleMaid_YanchaShotaVoice101/littleMaid_yansho/farmer_harvest5.ogg"
        ],
        "death": [
          "littleMaid_YanchaShotaVoice101/littleMaid_yansho/death1.ogg"
        ],
        "farmer_farm": [
          "littleMaid_YanchaShotaVoice101/littleMaid_yansho/farmer_farm1.ogg",
          "littleMaid_YanchaShotaVoice101/littleMaid_yansho/farmer_farm2.ogg",
          "littleMaid_YanchaShotaVoice101/littleMaid_yansho/farmer_farm3.ogg",
          "littleMaid_YanchaShotaVoice101/littleMaid_yansho/farmer_farm4.ogg",
          "littleMaid_YanchaShotaVoice101/littleMaid_yansho/farmer_farm5.ogg"
        ],
        "living_rain": [
          "littleMaid_YanchaShotaVoice101/littleMaid_yansho/living_rain1.ogg",
          "littleMaid_YanchaShotaVoice101/littleMaid_yansho/living_rain10.ogg",
          "littleMaid_YanchaShotaVoice101/littleMaid_yansho/living_rain11.ogg",
          "littleMaid_YanchaShotaVoice101/littleMaid_yansho/living_rain12.ogg",
          "littleMaid_YanchaShotaVoice101/littleMaid_yansho/living_rain13.ogg",
          "littleMaid_YanchaShotaVoice101/littleMaid_yansho/living_rain14.ogg",
          "littleMaid_YanchaShotaVoice101/littleMaid_yansho/living_rain15.ogg",
          "littleMaid_YanchaShotaVoice101/littleMaid_yansho/living_rain16.ogg",
          "littleMaid_YanchaShotaVoice101/littleMaid_yansho/living_rain17.ogg",
          "littleMaid_YanchaShotaVoice101/littleMaid_yansho/living_rain18.ogg",
          "littleMaid_YanchaShotaVoice101/littleMaid_yansho/living_rain19.ogg",
          "littleMaid_YanchaShotaVoice101/littleMaid_yansho/living_rain2.ogg",
          "littleMaid_YanchaShotaVoice101/littleMaid_yansho/living_rain20.ogg",
          "littleMaid_YanchaShotaVoice101/littleMaid_yansho/living_rain21.ogg",
          "littleMaid_YanchaShotaVoice101/littleMaid_yansho/living_rain3.ogg",
          "littleMaid_YanchaShotaVoice101/littleMaid_yansho/living_rain4.ogg",
          "littleMaid_YanchaShotaVoice101/littleMaid_yansho/living_rain5.ogg",
          "littleMaid_YanchaShotaVoice101/littleMaid_yansho/living_rain6.ogg",
          "littleMaid_YanchaShotaVoice101/littleMaid_yansho/living_rain7.ogg",
          "littleMaid_YanchaShotaVoice101/littleMaid_yansho/living_rain8.ogg",
          "littleMaid_YanchaShotaVoice101/littleMaid_yansho/living_rain9.ogg"
        ],
        "cookingOver": [
          "littleMaid_YanchaShotaVoice101/littleMaid_yansho/cookingOver1.ogg",
          "littleMaid_YanchaShotaVoice101/littleMaid_yansho/cookingOver2.ogg",
          "littleMaid_YanchaShotaVoice101/littleMaid_yansho/cookingOver3.ogg",
          "littleMaid_YanchaShotaVoice101/littleMaid_yansho/cookingOver4.ogg",
          "littleMaid_YanchaShotaVoice101/littleMaid_yansho/cookingOver5.ogg",
          "littleMaid_YanchaShotaVoice101/littleMaid_yansho/cookingOver6.ogg",
          "littleMaid_YanchaShotaVoice101/littleMaid_yansho/cookingOver7.ogg"
        ],
        "cookingStart": [
          "littleMaid_YanchaShotaVoice101/littleMaid_yansho/cookingStart1.ogg",
          "littleMaid_YanchaShotaVoice101/littleMaid_yansho/cookingStart2.ogg",
          "littleMaid_YanchaShotaVoice101/littleMaid_yansho/cookingStart3.ogg",
          "littleMaid_YanchaShotaVoice101/littleMaid_yansho/cookingStart4.ogg",
          "littleMaid_YanchaShotaVoice101/littleMaid_yansho/cookingStart5.ogg",
          "littleMaid_YanchaShotaVoice101/littleMaid_yansho/cookingStart6.ogg"
        ],
        "attack_bloodsuck": [
          "littleMaid_YanchaShotaVoice101/littleMaid_yansho/attack1.ogg",
          "littleMaid_YanchaShotaVoice101/littleMaid_yansho/attack10.ogg",
          "littleMaid_YanchaShotaVoice101/littleMaid_yansho/attack2.ogg",
          "littleMaid_YanchaShotaVoice101/littleMaid_yansho/attack3.ogg",
          "littleMaid_YanchaShotaVoice101/littleMaid_yansho/attack4.ogg",
          "littleMaid_YanchaShotaVoice101/littleMaid_yansho/attack5.ogg",
          "littleMaid_YanchaShotaVoice101/littleMaid_yansho/attack6.ogg",
          "littleMaid_YanchaShotaVoice101/littleMaid_yansho/attack7.ogg",
          "littleMaid_YanchaShotaVoice101/littleMaid_yansho/attack8.ogg",
          "littleMaid_YanchaShotaVoice101/littleMaid_yansho/attack9.ogg"
        ],
        "findTarget_B": [
          "littleMaid_YanchaShotaVoice101/littleMaid_yansho/findTarget_N1.ogg",
          "littleMaid_YanchaShotaVoice101/littleMaid_yansho/findTarget_N2.ogg",
          "littleMaid_YanchaShotaVoice101/littleMaid_yansho/findTarget_N3.ogg",
          "littleMaid_YanchaShotaVoice101/littleMaid_yansho/findTarget_N4.ogg",
          "littleMaid_YanchaShotaVoice101/littleMaid_yansho/findTarget_N5.ogg",
          "littleMaid_YanchaShotaVoice101/littleMaid_yansho/findTarget_N6.ogg"
        ],
        "findTarget_D": [
          "littleMaid_YanchaShotaVoice101/littleMaid_yansho/findTarget_D1.ogg",
          "littleMaid_YanchaShotaVoice101/littleMaid_yansho/findTarget_D2.ogg",
          "littleMaid_YanchaShotaVoice101/littleMaid_yansho/findTarget_D3.ogg",
          "littleMaid_YanchaShotaVoice101/littleMaid_yansho/findTarget_D4.ogg",
          "littleMaid_YanchaShotaVoice101/littleMaid_yansho/findTarget_D5.ogg"
        ],
        "goodmorning": [
          "littleMaid_YanchaShotaVoice101/littleMaid_yansho/goodmorning1.ogg",
          "littleMaid_YanchaShotaVoice101/littleMaid_yansho/goodmorning2.ogg"
        ],
        "eatSugar_MaxPower": [
          "littleMaid_YanchaShotaVoice101/littleMaid_yansho/eatSugar_MaxPower1.ogg",
          "littleMaid_YanchaShotaVoice101/littleMaid_yansho/eatSugar_MaxPower10.ogg",
          "littleMaid_YanchaShotaVoice101/littleMaid_yansho/eatSugar_MaxPower11.ogg",
          "littleMaid_YanchaShotaVoice101/littleMaid_yansho/eatSugar_MaxPower12.ogg",
          "littleMaid_YanchaShotaVoice101/littleMaid_yansho/eatSugar_MaxPower13.ogg",
          "littleMaid_YanchaShotaVoice101/littleMaid_yansho/eatSugar_MaxPower2.ogg",
          "littleMaid_YanchaShotaVoice101/littleMaid_yansho/eatSugar_MaxPower3.ogg",
          "littleMaid_YanchaShotaVoice101/littleMaid_yansho/eatSugar_MaxPower4.ogg",
          "littleMaid_YanchaShotaVoice101/littleMaid_yansho/eatSugar_MaxPower5.ogg",
          "littleMaid_YanchaShotaVoice101/littleMaid_yansho/eatSugar_MaxPower6.ogg",
          "littleMaid_YanchaShotaVoice101/littleMaid_yansho/eatSugar_MaxPower7.ogg",
          "littleMaid_YanchaShotaVoice101/littleMaid_yansho/eatSugar_MaxPower8.ogg",
          "littleMaid_YanchaShotaVoice101/littleMaid_yansho/eatSugar_MaxPower9.ogg"
        ],
        "healing": [
          "littleMaid_YanchaShotaVoice101/littleMaid_yansho/healing1.ogg",
          "littleMaid_YanchaShotaVoice101/littleMaid_yansho/healing2.ogg",
          "littleMaid_YanchaShotaVoice101/littleMaid_yansho/healing3.ogg",
          "littleMaid_YanchaShotaVoice101/littleMaid_yansho/healing4.ogg",
          "littleMaid_YanchaShotaVoice101/littleMaid_yansho/healing5.ogg",
          "littleMaid_YanchaShotaVoice101/littleMaid_yansho/healing6.ogg"
        ],
        "farmer_plant": [
          "littleMaid_YanchaShotaVoice101/littleMaid_yansho/farmer_plant1.ogg",
          "littleMaid_YanchaShotaVoice101/littleMaid_yansho/farmer_plant2.ogg",
          "littleMaid_YanchaShotaVoice101/littleMaid_yansho/farmer_plant3.ogg",
          "littleMaid_YanchaShotaVoice101/littleMaid_yansho/farmer_plant4.ogg",
          "littleMaid_YanchaShotaVoice101/littleMaid_yansho/farmer_plant5.ogg"
        ],
        "getCake": [
          "littleMaid_YanchaShotaVoice101/littleMaid_yansho/getCake1.ogg"
        ],
        "findTarget_I": [
          "littleMaid_YanchaShotaVoice101/littleMaid_yansho/findTarget_I1.ogg",
          "littleMaid_YanchaShotaVoice101/littleMaid_yansho/findTarget_I2.ogg",
          "littleMaid_YanchaShotaVoice101/littleMaid_yansho/findTarget_I3.ogg",
          "littleMaid_YanchaShotaVoice101/littleMaid_yansho/findTarget_I4.ogg",
          "littleMaid_YanchaShotaVoice101/littleMaid_yansho/findTarget_I5.ogg",
          "littleMaid_YanchaShotaVoice101/littleMaid_yansho/findTarget_I6.ogg",
          "littleMaid_YanchaShotaVoice101/littleMaid_yansho/findTarget_I7.ogg"
        ],
        "hurt_nodamege": [
          "littleMaid_YanchaShotaVoice101/littleMaid_yansho/hurt_nodamege1.ogg",
          "littleMaid_YanchaShotaVoice101/littleMaid_yansho/hurt_nodamege2.ogg",
          "littleMaid_YanchaShotaVoice101/littleMaid_yansho/hurt_nodamege3.ogg"
        ],
        "attack": [
          "littleMaid_YanchaShotaVoice101/littleMaid_yansho/attack1.ogg",
          "littleMaid_YanchaShotaVoice101/littleMaid_yansho/attack10.ogg",
          "littleMaid_YanchaShotaVoice101/littleMaid_yansho/attack2.ogg",
          "littleMaid_YanchaShotaVoice101/littleMaid_yansho/attack3.ogg",
          "littleMaid_YanchaShotaVoice101/littleMaid_yansho/attack4.ogg",
          "littleMaid_YanchaShotaVoice101/littleMaid_yansho/attack5.ogg",
          "littleMaid_YanchaShotaVoice101/littleMaid_yansho/attack6.ogg",
          "littleMaid_YanchaShotaVoice101/littleMaid_yansho/attack7.ogg",
          "littleMaid_YanchaShotaVoice101/littleMaid_yansho/attack8.ogg",
          "littleMaid_YanchaShotaVoice101/littleMaid_yansho/attack9.ogg"
        ],
        "installation": [
          "littleMaid_YanchaShotaVoice101/littleMaid_yansho/installation1.ogg",
          "littleMaid_YanchaShotaVoice101/littleMaid_yansho/installation2.ogg",
          "littleMaid_YanchaShotaVoice101/littleMaid_yansho/installation3.ogg",
          "littleMaid_YanchaShotaVoice101/littleMaid_yansho/installation4.ogg",
          "littleMaid_YanchaShotaVoice101/littleMaid_yansho/installation5.ogg"
        ],
        "findTarget_N": [
          "littleMaid_YanchaShotaVoice101/littleMaid_yansho/findTarget_N1.ogg",
          "littleMaid_YanchaShotaVoice101/littleMaid_yansho/findTarget_N2.ogg",
          "littleMaid_YanchaShotaVoice101/littleMaid_yansho/findTarget_N3.ogg",
          "littleMaid_YanchaShotaVoice101/littleMaid_yansho/findTarget_N4.ogg",
          "littleMaid_YanchaShotaVoice101/littleMaid_yansho/findTarget_N5.ogg",
          "littleMaid_YanchaShotaVoice101/littleMaid_yansho/findTarget_N6.ogg"
        ],
        "goodnight": [
          "littleMaid_YanchaShotaVoice101/littleMaid_yansho/goodnight1.ogg"
        ],
        "shoot": [
          "littleMaid_YanchaShotaVoice101/littleMaid_yansho/shoot1.ogg",
          "littleMaid_YanchaShotaVoice101/littleMaid_yansho/shoot2.ogg",
          "littleMaid_YanchaShotaVoice101/littleMaid_yansho/shoot3.ogg"
        ],
        "TNT_D": [
          "littleMaid_YanchaShotaVoice101/littleMaid_yansho/attack1.ogg",
          "littleMaid_YanchaShotaVoice101/littleMaid_yansho/attack10.ogg",
          "littleMaid_YanchaShotaVoice101/littleMaid_yansho/attack2.ogg",
          "littleMaid_YanchaShotaVoice101/littleMaid_yansho/attack3.ogg",
          "littleMaid_YanchaShotaVoice101/littleMaid_yansho/attack4.ogg",
          "littleMaid_YanchaShotaVoice101/littleMaid_yansho/attack5.ogg",
          "littleMaid_YanchaShotaVoice101/littleMaid_yansho/attack6.ogg",
          "littleMaid_YanchaShotaVoice101/littleMaid_yansho/attack7.ogg",
          "littleMaid_YanchaShotaVoice101/littleMaid_yansho/attack8.ogg",
          "littleMaid_YanchaShotaVoice101/littleMaid_yansho/attack9.ogg"
        ],
        "Recontract": [
          "littleMaid_YanchaShotaVoice101/littleMaid_yansho/Recontract1.ogg"
        ],
        "living_cold": [
          "littleMaid_YanchaShotaVoice101/littleMaid_yansho/living_cold1.ogg",
          "littleMaid_YanchaShotaVoice101/littleMaid_yansho/living_cold10.ogg",
          "littleMaid_YanchaShotaVoice101/littleMaid_yansho/living_cold2.ogg",
          "littleMaid_YanchaShotaVoice101/littleMaid_yansho/living_cold3.ogg",
          "littleMaid_YanchaShotaVoice101/littleMaid_yansho/living_cold4.ogg",
          "littleMaid_YanchaShotaVoice101/littleMaid_yansho/living_cold5.ogg",
          "littleMaid_YanchaShotaVoice101/littleMaid_yansho/living_cold50.ogg",
          "littleMaid_YanchaShotaVoice101/littleMaid_yansho/living_cold6.ogg",
          "littleMaid_YanchaShotaVoice101/littleMaid_yansho/living_cold7.ogg",
          "littleMaid_YanchaShotaVoice101/littleMaid_yansho/living_cold8.ogg",
          "littleMaid_YanchaShotaVoice101/littleMaid_yansho/living_cold9.ogg"
        ],
        "living_hot": [
          "littleMaid_YanchaShotaVoice101/littleMaid_yansho/living_hot1.ogg",
          "littleMaid_YanchaShotaVoice101/littleMaid_yansho/living_hot10.ogg",
          "littleMaid_YanchaShotaVoice101/littleMaid_yansho/living_hot2.ogg",
          "littleMaid_YanchaShotaVoice101/littleMaid_yansho/living_hot3.ogg",
          "littleMaid_YanchaShotaVoice101/littleMaid_yansho/living_hot4.ogg",
          "littleMaid_YanchaShotaVoice101/littleMaid_yansho/living_hot5.ogg",
          "littleMaid_YanchaShotaVoice101/littleMaid_yansho/living_hot6.ogg",
          "littleMaid_YanchaShotaVoice101/littleMaid_yansho/living_hot7.ogg",
          "littleMaid_YanchaShotaVoice101/littleMaid_yansho/living_hot8.ogg",
          "littleMaid_YanchaShotaVoice101/littleMaid_yansho/living_hot9.ogg"
        ],
        "living_daytime": [
          "littleMaid_YanchaShotaVoice101/littleMaid_yansho/living_daytime1.ogg",
          "littleMaid_YanchaShotaVoice101/littleMaid_yansho/living_daytime10.ogg",
          "littleMaid_YanchaShotaVoice101/littleMaid_yansho/living_daytime11.ogg",
          "littleMaid_YanchaShotaVoice101/littleMaid_yansho/living_daytime12.ogg",
          "littleMaid_YanchaShotaVoice101/littleMaid_yansho/living_daytime13.ogg",
          "littleMaid_YanchaShotaVoice101/littleMaid_yansho/living_daytime14.ogg",
          "littleMaid_YanchaShotaVoice101/littleMaid_yansho/living_daytime15.ogg",
          "littleMaid_YanchaShotaVoice101/littleMaid_yansho/living_daytime16.ogg",
          "littleMaid_YanchaShotaVoice101/littleMaid_yansho/living_daytime17.ogg",
          "littleMaid_YanchaShotaVoice101/littleMaid_yansho/living_daytime18.ogg",
          "littleMaid_YanchaShotaVoice101/littleMaid_yansho/living_daytime19.ogg",
          "littleMaid_YanchaShotaVoice101/littleMaid_yansho/living_daytime2.ogg",
          "littleMaid_YanchaShotaVoice101/littleMaid_yansho/living_daytime20.ogg",
          "littleMaid_YanchaShotaVoice101/littleMaid_yansho/living_daytime21.ogg",
          "littleMaid_YanchaShotaVoice101/littleMaid_yansho/living_daytime22.ogg",
          "littleMaid_YanchaShotaVoice101/littleMaid_yansho/living_daytime23.ogg",
          "littleMaid_YanchaShotaVoice101/littleMaid_yansho/living_daytime24.ogg",
          "littleMaid_YanchaShotaVoice101/littleMaid_yansho/living_daytime25.ogg",
          "littleMaid_YanchaShotaVoice101/littleMaid_yansho/living_daytime26.ogg",
          "littleMaid_YanchaShotaVoice101/littleMaid_yansho/living_daytime27.ogg",
          "littleMaid_YanchaShotaVoice101/littleMaid_yansho/living_daytime28.ogg",
          "littleMaid_YanchaShotaVoice101/littleMaid_yansho/living_daytime29.ogg",
          "littleMaid_YanchaShotaVoice101/littleMaid_yansho/living_daytime3.ogg",
          "littleMaid_YanchaShotaVoice101/littleMaid_yansho/living_daytime30.ogg",
          "littleMaid_YanchaShotaVoice101/littleMaid_yansho/living_daytime31.ogg",
          "littleMaid_YanchaShotaVoice101/littleMaid_yansho/living_daytime32.ogg",
          "littleMaid_YanchaShotaVoice101/littleMaid_yansho/living_daytime33.ogg",
          "littleMaid_YanchaShotaVoice101/littleMaid_yansho/living_daytime34.ogg",
          "littleMaid_YanchaShotaVoice101/littleMaid_yansho/living_daytime35.ogg",
          "littleMaid_YanchaShotaVoice101/littleMaid_yansho/living_daytime36.ogg",
          "littleMaid_YanchaShotaVoice101/littleMaid_yansho/living_daytime37.ogg",
          "littleMaid_YanchaShotaVoice101/littleMaid_yansho/living_daytime38.ogg",
          "littleMaid_YanchaShotaVoice101/littleMaid_yansho/living_daytime39.ogg",
          "littleMaid_YanchaShotaVoice101/littleMaid_yansho/living_daytime4.ogg",
          "littleMaid_YanchaShotaVoice101/littleMaid_yansho/living_daytime40.ogg",
          "littleMaid_YanchaShotaVoice101/littleMaid_yansho/living_daytime41.ogg",
          "littleMaid_YanchaShotaVoice101/littleMaid_yansho/living_daytime42.ogg",
          "littleMaid_YanchaShotaVoice101/littleMaid_yansho/living_daytime43.ogg",
          "littleMaid_YanchaShotaVoice101/littleMaid_yansho/living_daytime44.ogg",
          "littleMaid_YanchaShotaVoice101/littleMaid_yansho/living_daytime5.ogg",
          "littleMaid_YanchaShotaVoice101/littleMaid_yansho/living_daytime6.ogg",
          "littleMaid_YanchaShotaVoice101/littleMaid_yansho/living_daytime7.ogg",
          "littleMaid_YanchaShotaVoice101/littleMaid_yansho/living_daytime8.ogg",
          "littleMaid_YanchaShotaVoice101/littleMaid_yansho/living_daytime9.ogg"
        ],
        "living_night": [
          "littleMaid_YanchaShotaVoice101/littleMaid_yansho/living_daytime1.ogg",
          "littleMaid_YanchaShotaVoice101/littleMaid_yansho/living_daytime10.ogg",
          "littleMaid_YanchaShotaVoice101/littleMaid_yansho/living_daytime11.ogg",
          "littleMaid_YanchaShotaVoice101/littleMaid_yansho/living_daytime12.ogg",
          "littleMaid_YanchaShotaVoice101/littleMaid_yansho/living_daytime13.ogg",
          "littleMaid_YanchaShotaVoice101/littleMaid_yansho/living_daytime14.ogg",
          "littleMaid_YanchaShotaVoice101/littleMaid_yansho/living_daytime15.ogg",
          "littleMaid_YanchaShotaVoice101/littleMaid_yansho/living_daytime16.ogg",
          "littleMaid_YanchaShotaVoice101/littleMaid_yansho/living_daytime17.ogg",
          "littleMaid_YanchaShotaVoice101/littleMaid_yansho/living_daytime18.ogg",
          "littleMaid_YanchaShotaVoice101/littleMaid_yansho/living_daytime19.ogg",
          "littleMaid_YanchaShotaVoice101/littleMaid_yansho/living_daytime2.ogg",
          "littleMaid_YanchaShotaVoice101/littleMaid_yansho/living_daytime20.ogg",
          "littleMaid_YanchaShotaVoice101/littleMaid_yansho/living_daytime21.ogg",
          "littleMaid_YanchaShotaVoice101/littleMaid_yansho/living_daytime22.ogg",
          "littleMaid_YanchaShotaVoice101/littleMaid_yansho/living_daytime23.ogg",
          "littleMaid_YanchaShotaVoice101/littleMaid_yansho/living_daytime24.ogg",
          "littleMaid_YanchaShotaVoice101/littleMaid_yansho/living_daytime25.ogg",
          "littleMaid_YanchaShotaVoice101/littleMaid_yansho/living_daytime26.ogg",
          "littleMaid_YanchaShotaVoice101/littleMaid_yansho/living_daytime27.ogg",
          "littleMaid_YanchaShotaVoice101/littleMaid_yansho/living_daytime28.ogg",
          "littleMaid_YanchaShotaVoice101/littleMaid_yansho/living_daytime29.ogg",
          "littleMaid_YanchaShotaVoice101/littleMaid_yansho/living_daytime3.ogg",
          "littleMaid_YanchaShotaVoice101/littleMaid_yansho/living_daytime30.ogg",
          "littleMaid_YanchaShotaVoice101/littleMaid_yansho/living_daytime31.ogg",
          "littleMaid_YanchaShotaVoice101/littleMaid_yansho/living_daytime32.ogg",
          "littleMaid_YanchaShotaVoice101/littleMaid_yansho/living_daytime33.ogg",
          "littleMaid_YanchaShotaVoice101/littleMaid_yansho/living_daytime34.ogg",
          "littleMaid_YanchaShotaVoice101/littleMaid_yansho/living_daytime35.ogg",
          "littleMaid_YanchaShotaVoice101/littleMaid_yansho/living_daytime36.ogg",
          "littleMaid_YanchaShotaVoice101/littleMaid_yansho/living_daytime37.ogg",
          "littleMaid_YanchaShotaVoice101/littleMaid_yansho/living_daytime38.ogg",
          "littleMaid_YanchaShotaVoice101/littleMaid_yansho/living_daytime39.ogg",
          "littleMaid_YanchaShotaVoice101/littleMaid_yansho/living_daytime4.ogg",
          "littleMaid_YanchaShotaVoice101/littleMaid_yansho/living_daytime40.ogg",
          "littleMaid_YanchaShotaVoice101/littleMaid_yansho/living_daytime41.ogg",
          "littleMaid_YanchaShotaVoice101/littleMaid_yansho/living_daytime42.ogg",
          "littleMaid_YanchaShotaVoice101/littleMaid_yansho/living_daytime43.ogg",
          "littleMaid_YanchaShotaVoice101/littleMaid_yansho/living_daytime44.ogg",
          "littleMaid_YanchaShotaVoice101/littleMaid_yansho/living_daytime5.ogg",
          "littleMaid_YanchaShotaVoice101/littleMaid_yansho/living_daytime6.ogg",
          "littleMaid_YanchaShotaVoice101/littleMaid_yansho/living_daytime7.ogg",
          "littleMaid_YanchaShotaVoice101/littleMaid_yansho/living_daytime8.ogg",
          "littleMaid_YanchaShotaVoice101/littleMaid_yansho/living_daytime9.ogg"
        ],
        "shoot_burst": [
          "littleMaid_YanchaShotaVoice101/littleMaid_yansho/shoot1.ogg",
          "littleMaid_YanchaShotaVoice101/littleMaid_yansho/shoot2.ogg",
          "littleMaid_YanchaShotaVoice101/littleMaid_yansho/shoot3.ogg"
        ],
        "hurt_snow": [
          "littleMaid_YanchaShotaVoice101/littleMaid_yansho/hurt_snow1.ogg",
          "littleMaid_YanchaShotaVoice101/littleMaid_yansho/hurt_snow2.ogg",
          "littleMaid_YanchaShotaVoice101/littleMaid_yansho/hurt_snow3.ogg",
          "littleMaid_YanchaShotaVoice101/littleMaid_yansho/hurt_snow4.ogg",
          "littleMaid_YanchaShotaVoice101/littleMaid_yansho/hurt_snow5.ogg"
        ],
        "sighting": [
          "littleMaid_YanchaShotaVoice101/littleMaid_yansho/sighting1.ogg",
          "littleMaid_YanchaShotaVoice101/littleMaid_yansho/sighting2.ogg",
          "littleMaid_YanchaShotaVoice101/littleMaid_yansho/sighting3.ogg"
        ],
        "healing_potion": [
          "littleMaid_YanchaShotaVoice101/littleMaid_yansho/healing_potion1.ogg",
          "littleMaid_YanchaShotaVoice101/littleMaid_yansho/healing_potion2.ogg",
          "littleMaid_YanchaShotaVoice101/littleMaid_yansho/healing_potion3.ogg",
          "littleMaid_YanchaShotaVoice101/littleMaid_yansho/healing_potion4.ogg",
          "littleMaid_YanchaShotaVoice101/littleMaid_yansho/healing_potion5.ogg"
        ],
        "living_whine": [
          "littleMaid_YanchaShotaVoice101/littleMaid_yansho/living_whine1.ogg",
          "littleMaid_YanchaShotaVoice101/littleMaid_yansho/living_whine2.ogg",
          "littleMaid_YanchaShotaVoice101/littleMaid_yansho/living_whine3.ogg",
          "littleMaid_YanchaShotaVoice101/littleMaid_yansho/living_whine4.ogg",
          "littleMaid_YanchaShotaVoice101/littleMaid_yansho/living_whine5.ogg"
        ],
        "hurt_fall": [
          "littleMaid_YanchaShotaVoice101/littleMaid_yansho/hurt_fall1.ogg",
          "littleMaid_YanchaShotaVoice101/littleMaid_yansho/hurt_fall2.ogg",
          "littleMaid_YanchaShotaVoice101/littleMaid_yansho/hurt_fall3.ogg",
          "littleMaid_YanchaShotaVoice101/littleMaid_yansho/hurt_fall4.ogg"
        ],
        "eatSugar": [
          "littleMaid_YanchaShotaVoice101/littleMaid_yansho/eatSugar1.ogg",
          "littleMaid_YanchaShotaVoice101/littleMaid_yansho/eatSugar10.ogg",
          "littleMaid_YanchaShotaVoice101/littleMaid_yansho/eatSugar2.ogg",
          "littleMaid_YanchaShotaVoice101/littleMaid_yansho/eatSugar3.ogg",
          "littleMaid_YanchaShotaVoice101/littleMaid_yansho/eatSugar4.ogg",
          "littleMaid_YanchaShotaVoice101/littleMaid_yansho/eatSugar5.ogg",
          "littleMaid_YanchaShotaVoice101/littleMaid_yansho/eatSugar6.ogg",
          "littleMaid_YanchaShotaVoice101/littleMaid_yansho/eatSugar7.ogg",
          "littleMaid_YanchaShotaVoice101/littleMaid_yansho/eatSugar8.ogg",
          "littleMaid_YanchaShotaVoice101/littleMaid_yansho/eatSugar9.ogg"
        ],
        "addFuel": [
          "littleMaid_YanchaShotaVoice101/littleMaid_yansho/addFuel1.ogg",
          "littleMaid_YanchaShotaVoice101/littleMaid_yansho/addFuel2.ogg",
          "littleMaid_YanchaShotaVoice101/littleMaid_yansho/addFuel3.ogg",
          "littleMaid_YanchaShotaVoice101/littleMaid_yansho/addFuel4.ogg",
          "littleMaid_YanchaShotaVoice101/littleMaid_yansho/addFuel5.ogg",
          "littleMaid_YanchaShotaVoice101/littleMaid_yansho/addFuel6.ogg"
        ],
        "living_snow": [
          "littleMaid_YanchaShotaVoice101/littleMaid_yansho/living_snow1.ogg",
          "littleMaid_YanchaShotaVoice101/littleMaid_yansho/living_snow10.ogg",
          "littleMaid_YanchaShotaVoice101/littleMaid_yansho/living_snow11.ogg",
          "littleMaid_YanchaShotaVoice101/littleMaid_yansho/living_snow12.ogg",
          "littleMaid_YanchaShotaVoice101/littleMaid_yansho/living_snow13.ogg",
          "littleMaid_YanchaShotaVoice101/littleMaid_yansho/living_snow14.ogg",
          "littleMaid_YanchaShotaVoice101/littleMaid_yansho/living_snow15.ogg",
          "littleMaid_YanchaShotaVoice101/littleMaid_yansho/living_snow16.ogg",
          "littleMaid_YanchaShotaVoice101/littleMaid_yansho/living_snow17.ogg",
          "littleMaid_YanchaShotaVoice101/littleMaid_yansho/living_snow18.ogg",
          "littleMaid_YanchaShotaVoice101/littleMaid_yansho/living_snow19.ogg",
          "littleMaid_YanchaShotaVoice101/littleMaid_yansho/living_snow2.ogg",
          "littleMaid_YanchaShotaVoice101/littleMaid_yansho/living_snow20.ogg",
          "littleMaid_YanchaShotaVoice101/littleMaid_yansho/living_snow21.ogg",
          "littleMaid_YanchaShotaVoice101/littleMaid_yansho/living_snow22.ogg",
          "littleMaid_YanchaShotaVoice101/littleMaid_yansho/living_snow3.ogg",
          "littleMaid_YanchaShotaVoice101/littleMaid_yansho/living_snow4.ogg",
          "littleMaid_YanchaShotaVoice101/littleMaid_yansho/living_snow5.ogg",
          "littleMaid_YanchaShotaVoice101/littleMaid_yansho/living_snow6.ogg",
          "littleMaid_YanchaShotaVoice101/littleMaid_yansho/living_snow7.ogg",
          "littleMaid_YanchaShotaVoice101/littleMaid_yansho/living_snow8.ogg",
          "littleMaid_YanchaShotaVoice101/littleMaid_yansho/living_snow9.ogg"
        ],
        "living_morning": [
          "littleMaid_YanchaShotaVoice101/littleMaid_yansho/living_daytime1.ogg",
          "littleMaid_YanchaShotaVoice101/littleMaid_yansho/living_daytime10.ogg",
          "littleMaid_YanchaShotaVoice101/littleMaid_yansho/living_daytime11.ogg",
          "littleMaid_YanchaShotaVoice101/littleMaid_yansho/living_daytime12.ogg",
          "littleMaid_YanchaShotaVoice101/littleMaid_yansho/living_daytime13.ogg",
          "littleMaid_YanchaShotaVoice101/littleMaid_yansho/living_daytime14.ogg",
          "littleMaid_YanchaShotaVoice101/littleMaid_yansho/living_daytime15.ogg",
          "littleMaid_YanchaShotaVoice101/littleMaid_yansho/living_daytime16.ogg",
          "littleMaid_YanchaShotaVoice101/littleMaid_yansho/living_daytime17.ogg",
          "littleMaid_YanchaShotaVoice101/littleMaid_yansho/living_daytime18.ogg",
          "littleMaid_YanchaShotaVoice101/littleMaid_yansho/living_daytime19.ogg",
          "littleMaid_YanchaShotaVoice101/littleMaid_yansho/living_daytime2.ogg",
          "littleMaid_YanchaShotaVoice101/littleMaid_yansho/living_daytime20.ogg",
          "littleMaid_YanchaShotaVoice101/littleMaid_yansho/living_daytime21.ogg",
          "littleMaid_YanchaShotaVoice101/littleMaid_yansho/living_daytime22.ogg",
          "littleMaid_YanchaShotaVoice101/littleMaid_yansho/living_daytime23.ogg",
          "littleMaid_YanchaShotaVoice101/littleMaid_yansho/living_daytime24.ogg",
          "littleMaid_YanchaShotaVoice101/littleMaid_yansho/living_daytime25.ogg",
          "littleMaid_YanchaShotaVoice101/littleMaid_yansho/living_daytime26.ogg",
          "littleMaid_YanchaShotaVoice101/littleMaid_yansho/living_daytime27.ogg",
          "littleMaid_YanchaShotaVoice101/littleMaid_yansho/living_daytime28.ogg",
          "littleMaid_YanchaShotaVoice101/littleMaid_yansho/living_daytime29.ogg",
          "littleMaid_YanchaShotaVoice101/littleMaid_yansho/living_daytime3.ogg",
          "littleMaid_YanchaShotaVoice101/littleMaid_yansho/living_daytime30.ogg",
          "littleMaid_YanchaShotaVoice101/littleMaid_yansho/living_daytime31.ogg",
          "littleMaid_YanchaShotaVoice101/littleMaid_yansho/living_daytime32.ogg",
          "littleMaid_YanchaShotaVoice101/littleMaid_yansho/living_daytime33.ogg",
          "littleMaid_YanchaShotaVoice101/littleMaid_yansho/living_daytime34.ogg",
          "littleMaid_YanchaShotaVoice101/littleMaid_yansho/living_daytime35.ogg",
          "littleMaid_YanchaShotaVoice101/littleMaid_yansho/living_daytime36.ogg",
          "littleMaid_YanchaShotaVoice101/littleMaid_yansho/living_daytime37.ogg",
          "littleMaid_YanchaShotaVoice101/littleMaid_yansho/living_daytime38.ogg",
          "littleMaid_YanchaShotaVoice101/littleMaid_yansho/living_daytime39.ogg",
          "littleMaid_YanchaShotaVoice101/littleMaid_yansho/living_daytime4.ogg",
          "littleMaid_YanchaShotaVoice101/littleMaid_yansho/living_daytime40.ogg",
          "littleMaid_YanchaShotaVoice101/littleMaid_yansho/living_daytime41.ogg",
          "littleMaid_YanchaShotaVoice101/littleMaid_yansho/living_daytime42.ogg",
          "littleMaid_YanchaShotaVoice101/littleMaid_yansho/living_daytime43.ogg",
          "littleMaid_YanchaShotaVoice101/littleMaid_yansho/living_daytime44.ogg",
          "littleMaid_YanchaShotaVoice101/littleMaid_yansho/living_daytime5.ogg",
          "littleMaid_YanchaShotaVoice101/littleMaid_yansho/living_daytime6.ogg",
          "littleMaid_YanchaShotaVoice101/littleMaid_yansho/living_daytime7.ogg",
          "littleMaid_YanchaShotaVoice101/littleMaid_yansho/living_daytime8.ogg",
          "littleMaid_YanchaShotaVoice101/littleMaid_yansho/living_daytime9.ogg"
        ],
        "hurt": [
          "littleMaid_YanchaShotaVoice101/littleMaid_yansho/hurt1.ogg",
          "littleMaid_YanchaShotaVoice101/littleMaid_yansho/hurt2.ogg",
          "littleMaid_YanchaShotaVoice101/littleMaid_yansho/hurt3.ogg",
          "littleMaid_YanchaShotaVoice101/littleMaid_yansho/hurt4.ogg",
          "littleMaid_YanchaShotaVoice101/littleMaid_yansho/hurt5.ogg"
        ],
        "hurt_fire": [
          "littleMaid_YanchaShotaVoice101/littleMaid_yansho/hurt_fire1.ogg",
          "littleMaid_YanchaShotaVoice101/littleMaid_yansho/hurt_fire2.ogg"
        ]
      }
    },
    "littleMaid_BokuGirl": {
      "soundpackName": "littleMaid_BokuGirl",
      "livingVoiceRate": 0.1,
      "voices": {
        "hurt_guard": [
          "littleMaid_BokuGirl/hurt_guard001.ogg",
          "littleMaid_BokuGirl/hurt_guard002.ogg",
          "littleMaid_BokuGirl/hurt_guard003.ogg"
        ],
        "collect_snow": [
          "littleMaid_BokuGirl/collect_snow001.ogg",
          "littleMaid_BokuGirl/collect_snow002.ogg",
          "littleMaid_BokuGirl/collect_snow003.ogg",
          "littleMaid_BokuGirl/collect_snow004.ogg",
          "littleMaid_BokuGirl/collect_snow005.ogg",
          "littleMaid_BokuGirl/collect_snow006.ogg"
        ],
        "farmer_harvest": [
          "littleMaid_BokuGirl/farmer_harvest001.ogg",
          "littleMaid_BokuGirl/farmer_harvest002.ogg",
          "littleMaid_BokuGirl/farmer_harvest003.ogg",
          "littleMaid_BokuGirl/farmer_harvest004.ogg",
          "littleMaid_BokuGirl/farmer_harvest005.ogg",
          "littleMaid_BokuGirl/farmer_harvest006.ogg",
          "littleMaid_BokuGirl/farmer_harvest007.ogg",
          "littleMaid_BokuGirl/farmer_harvest008.ogg",
          "littleMaid_BokuGirl/farmer_harvest009.ogg"
        ],
        "death": [
          "littleMaid_BokuGirl/death001.ogg"
        ],
        "farmer_farm": [
          "littleMaid_BokuGirl/farmer_farm001.ogg",
          "littleMaid_BokuGirl/farmer_farm002.ogg",
          "littleMaid_BokuGirl/farmer_farm003.ogg",
          "littleMaid_BokuGirl/farmer_farm004.ogg",
          "littleMaid_BokuGirl/farmer_farm005.ogg"
        ],
        "living_rain": [
          "littleMaid_BokuGirl/living_rain001.ogg",
          "littleMaid_BokuGirl/living_rain002.ogg",
          "littleMaid_BokuGirl/living_rain004.ogg",
          "littleMaid_BokuGirl/living_rain006.ogg",
          "littleMaid_BokuGirl/living_rain007.ogg",
          "littleMaid_BokuGirl/living_rain009.ogg",
          "littleMaid_BokuGirl/living_rain010.ogg",
          "littleMaid_BokuGirl/living_rain012.ogg",
          "littleMaid_BokuGirl/living_rain014.ogg",
          "littleMaid_BokuGirl/living_rain016.ogg",
          "littleMaid_BokuGirl/living_rain018.ogg",
          "littleMaid_BokuGirl/living_rain019.ogg",
          "littleMaid_BokuGirl/living_rain021.ogg",
          "littleMaid_BokuGirl/living_rain023.ogg",
          "littleMaid_BokuGirl/living_rain025.ogg",
          "littleMaid_BokuGirl/living_rain026.ogg",
          "littleMaid_BokuGirl/living_rain027.ogg",
          "littleMaid_BokuGirl/living_rain029.ogg",
          "littleMaid_BokuGirl/living_rain030.ogg",
          "littleMaid_BokuGirl/living_rain031.ogg",
          "littleMaid_BokuGirl/living_rain033.ogg",
          "littleMaid_BokuGirl/living_rain034.ogg",
          "littleMaid_BokuGirl/living_rain035.ogg",
          "littleMaid_BokuGirl/living_rain036.ogg",
          "littleMaid_BokuGirl/living_rain038.ogg"
        ],
        "cookingOver": [
          "littleMaid_BokuGirl/cookingOver001.ogg",
          "littleMaid_BokuGirl/cookingOver002.ogg",
          "littleMaid_BokuGirl/cookingOver003.ogg",
          "littleMaid_BokuGirl/cookingOver005.ogg",
          "littleMaid_BokuGirl/cookingOver006.ogg",
          "littleMaid_BokuGirl/cookingOver007.ogg"
        ],
        "cookingStart": [
          "littleMaid_BokuGirl/cookingStart001.ogg",
          "littleMaid_BokuGirl/cookingStart002.ogg",
          "littleMaid_BokuGirl/cookingStart003.ogg",
          "littleMaid_BokuGirl/cookingStart004.ogg",
          "littleMaid_BokuGirl/cookingStart005.ogg"
        ],
        "attack_bloodsuck": [
          "littleMaid_BokuGirl/attack001.ogg",
          "littleMaid_BokuGirl/attack002.ogg",
          "littleMaid_BokuGirl/attack003.ogg",
          "littleMaid_BokuGirl/attack004.ogg",
          "littleMaid_BokuGirl/attack005.ogg",
          "littleMaid_BokuGirl/attack006.ogg",
          "littleMaid_BokuGirl/attack007.ogg",
          "littleMaid_BokuGirl/attack008.ogg",
          "littleMaid_BokuGirl/attack009.ogg",
          "littleMaid_BokuGirl/attack010.ogg"
        ],
        "findTarget_B": [
          "littleMaid_BokuGirl/findTarget_N001.ogg",
          "littleMaid_BokuGirl/findTarget_N003.ogg",
          "littleMaid_BokuGirl/findTarget_N004.ogg",
          "littleMaid_BokuGirl/findTarget_N005.ogg",
          "littleMaid_BokuGirl/findTarget_N007.ogg"
        ],
        "findTarget_D": [
          "littleMaid_BokuGirl/findTarget_D001.ogg",
          "littleMaid_BokuGirl/findTarget_D002.ogg",
          "littleMaid_BokuGirl/findTarget_D003.ogg",
          "littleMaid_BokuGirl/findTarget_D005.ogg",
          "littleMaid_BokuGirl/findTarget_D006.ogg",
          "littleMaid_BokuGirl/findTarget_D008.ogg"
        ],
        "goodmorning": [
          "littleMaid_BokuGirl/goodmorning001.ogg",
          "littleMaid_BokuGirl/goodmorning003.ogg"
        ],
        "eatSugar_MaxPower": [
          "littleMaid_BokuGirl/eatSugar_MaxPower001.ogg",
          "littleMaid_BokuGirl/eatSugar_MaxPower002.ogg",
          "littleMaid_BokuGirl/eatSugar_MaxPower003.ogg",
          "littleMaid_BokuGirl/eatSugar_MaxPower004.ogg",
          "littleMaid_BokuGirl/eatSugar_MaxPower005.ogg",
          "littleMaid_BokuGirl/eatSugar_MaxPower006.ogg",
          "littleMaid_BokuGirl/eatSugar_MaxPower007.ogg",
          "littleMaid_BokuGirl/eatSugar_MaxPower008.ogg",
          "littleMaid_BokuGirl/eatSugar_MaxPower009.ogg",
          "littleMaid_BokuGirl/eatSugar_MaxPower010.ogg"
        ],
        "healing": [
          "littleMaid_BokuGirl/healing001.ogg",
          "littleMaid_BokuGirl/healing002.ogg",
          "littleMaid_BokuGirl/healing004.ogg",
          "littleMaid_BokuGirl/healing006.ogg",
          "littleMaid_BokuGirl/healing008.ogg"
        ],
        "farmer_plant": [
          "littleMaid_BokuGirl/farmer_plant001.ogg",
          "littleMaid_BokuGirl/farmer_plant002.ogg",
          "littleMaid_BokuGirl/farmer_plant003.ogg",
          "littleMaid_BokuGirl/farmer_plant004.ogg",
          "littleMaid_BokuGirl/farmer_plant005.ogg"
        ],
        "getCake": [
          "littleMaid_BokuGirl/getCake001.ogg"
        ],
        "findTarget_I": [
          "littleMaid_BokuGirl/findTarget_I001.ogg",
          "littleMaid_BokuGirl/findTarget_I002.ogg",
          "littleMaid_BokuGirl/findTarget_I003.ogg",
          "littleMaid_BokuGirl/findTarget_I004.ogg",
          "littleMaid_BokuGirl/findTarget_I005.ogg",
          "littleMaid_BokuGirl/findTarget_I006.ogg"
        ],
        "hurt_nodamege": [
          "littleMaid_BokuGirl/hurt_nodamege001.ogg",
          "littleMaid_BokuGirl/hurt_nodamege002.ogg",
          "littleMaid_BokuGirl/hurt_nodamege003.ogg",
          "littleMaid_BokuGirl/hurt_nodamege004.ogg",
          "littleMaid_BokuGirl/hurt_nodamege005.ogg",
          "littleMaid_BokuGirl/hurt_nodamege006.ogg",
          "littleMaid_BokuGirl/hurt_nodamege007.ogg"
        ],
        "attack": [
          "littleMaid_BokuGirl/attack001.ogg",
          "littleMaid_BokuGirl/attack002.ogg",
          "littleMaid_BokuGirl/attack003.ogg",
          "littleMaid_BokuGirl/attack004.ogg",
          "littleMaid_BokuGirl/attack005.ogg",
          "littleMaid_BokuGirl/attack006.ogg",
          "littleMaid_BokuGirl/attack007.ogg",
          "littleMaid_BokuGirl/attack008.ogg",
          "littleMaid_BokuGirl/attack009.ogg",
          "littleMaid_BokuGirl/attack010.ogg"
        ],
        "installation": [
          "littleMaid_BokuGirl/installation001.ogg",
          "littleMaid_BokuGirl/installation002.ogg",
          "littleMaid_BokuGirl/installation003.ogg",
          "littleMaid_BokuGirl/installation004.ogg",
          "littleMaid_BokuGirl/installation005.ogg",
          "littleMaid_BokuGirl/installation006.ogg",
          "littleMaid_BokuGirl/installation007.ogg",
          "littleMaid_BokuGirl/installation008.ogg",
          "littleMaid_BokuGirl/installation010.ogg",
          "littleMaid_BokuGirl/installation012.ogg"
        ],
        "findTarget_N": [
          "littleMaid_BokuGirl/findTarget_N001.ogg",
          "littleMaid_BokuGirl/findTarget_N003.ogg",
          "littleMaid_BokuGirl/findTarget_N004.ogg",
          "littleMaid_BokuGirl/findTarget_N005.ogg",
          "littleMaid_BokuGirl/findTarget_N007.ogg"
        ],
        "goodnight": [
          "littleMaid_BokuGirl/goodnight001.ogg",
          "littleMaid_BokuGirl/goodnight003.ogg"
        ],
        "shoot": [
          "littleMaid_BokuGirl/shoot001.ogg",
          "littleMaid_BokuGirl/shoot002.ogg",
          "littleMaid_BokuGirl/shoot003.ogg"
        ],
        "TNT_D": [
          "littleMaid_BokuGirl/attack001.ogg",
          "littleMaid_BokuGirl/attack002.ogg",
          "littleMaid_BokuGirl/attack003.ogg",
          "littleMaid_BokuGirl/attack004.ogg",
          "littleMaid_BokuGirl/attack005.ogg",
          "littleMaid_BokuGirl/attack006.ogg",
          "littleMaid_BokuGirl/attack007.ogg",
          "littleMaid_BokuGirl/attack008.ogg",
          "littleMaid_BokuGirl/attack009.ogg",
          "littleMaid_BokuGirl/attack010.ogg"
        ],
        "Recontract": [
          "littleMaid_BokuGirl/Recontract001.ogg",
          "littleMaid_BokuGirl/Recontract002.ogg",
          "littleMaid_BokuGirl/Recontract003.ogg"
        ],
        "living_cold": [
          "littleMaid_BokuGirl/living_daytime001.ogg",
          "littleMaid_BokuGirl/living_daytime002.ogg",
          "littleMaid_BokuGirl/living_daytime003.ogg",
          "littleMaid_BokuGirl/living_daytime004.ogg",
          "littleMaid_BokuGirl/living_daytime006.ogg",
          "littleMaid_BokuGirl/living_daytime007.ogg",
          "littleMaid_BokuGirl/living_daytime009.ogg",
          "littleMaid_BokuGirl/living_daytime011.ogg",
          "littleMaid_BokuGirl/living_daytime013.ogg",
          "littleMaid_BokuGirl/living_daytime015.ogg",
          "littleMaid_BokuGirl/living_daytime017.ogg",
          "littleMaid_BokuGirl/living_daytime019.ogg",
          "littleMaid_BokuGirl/living_daytime021.ogg",
          "littleMaid_BokuGirl/living_daytime022.ogg",
          "littleMaid_BokuGirl/living_daytime024.ogg",
          "littleMaid_BokuGirl/living_daytime025.ogg",
          "littleMaid_BokuGirl/living_daytime027.ogg",
          "littleMaid_BokuGirl/living_daytime029.ogg",
          "littleMaid_BokuGirl/living_daytime031.ogg",
          "littleMaid_BokuGirl/living_daytime033.ogg",
          "littleMaid_BokuGirl/living_daytime034.ogg",
          "littleMaid_BokuGirl/living_daytime036.ogg",
          "littleMaid_BokuGirl/living_daytime038.ogg",
          "littleMaid_BokuGirl/living_daytime040.ogg",
          "littleMaid_BokuGirl/living_daytime041.ogg",
          "littleMaid_BokuGirl/living_daytime042.ogg",
          "littleMaid_BokuGirl/living_daytime043.ogg",
          "littleMaid_BokuGirl/living_daytime045.ogg",
          "littleMaid_BokuGirl/living_daytime047.ogg",
          "littleMaid_BokuGirl/living_daytime048.ogg",
          "littleMaid_BokuGirl/living_daytime050.ogg",
          "littleMaid_BokuGirl/living_daytime051.ogg",
          "littleMaid_BokuGirl/living_daytime053.ogg",
          "littleMaid_BokuGirl/living_daytime055.ogg",
          "littleMaid_BokuGirl/living_daytime057.ogg",
          "littleMaid_BokuGirl/living_daytime059.ogg",
          "littleMaid_BokuGirl/living_daytime061.ogg",
          "littleMaid_BokuGirl/living_daytime062.ogg",
          "littleMaid_BokuGirl/living_daytime064.ogg",
          "littleMaid_BokuGirl/living_daytime066.ogg",
          "littleMaid_BokuGirl/living_daytime067.ogg",
          "littleMaid_BokuGirl/living_daytime069.ogg",
          "littleMaid_BokuGirl/living_daytime071.ogg",
          "littleMaid_BokuGirl/living_daytime073.ogg",
          "littleMaid_BokuGirl/living_daytime074.ogg",
          "littleMaid_BokuGirl/living_daytime075.ogg",
          "littleMaid_BokuGirl/living_daytime077.ogg",
          "littleMaid_BokuGirl/living_daytime078.ogg",
          "littleMaid_BokuGirl/living_daytime079.ogg",
          "littleMaid_BokuGirl/living_daytime080.ogg",
          "littleMaid_BokuGirl/living_daytime081.ogg",
          "littleMaid_BokuGirl/living_daytime083.ogg",
          "littleMaid_BokuGirl/living_daytime091.ogg",
          "littleMaid_BokuGirl/living_daytime093.ogg"
        ],
        "living_hot": [
          "littleMaid_BokuGirl/living_daytime001.ogg",
          "littleMaid_BokuGirl/living_daytime002.ogg",
          "littleMaid_BokuGirl/living_daytime003.ogg",
          "littleMaid_BokuGirl/living_daytime004.ogg",
          "littleMaid_BokuGirl/living_daytime006.ogg",
          "littleMaid_BokuGirl/living_daytime007.ogg",
          "littleMaid_BokuGirl/living_daytime009.ogg",
          "littleMaid_BokuGirl/living_daytime011.ogg",
          "littleMaid_BokuGirl/living_daytime013.ogg",
          "littleMaid_BokuGirl/living_daytime015.ogg",
          "littleMaid_BokuGirl/living_daytime017.ogg",
          "littleMaid_BokuGirl/living_daytime019.ogg",
          "littleMaid_BokuGirl/living_daytime021.ogg",
          "littleMaid_BokuGirl/living_daytime022.ogg",
          "littleMaid_BokuGirl/living_daytime024.ogg",
          "littleMaid_BokuGirl/living_daytime025.ogg",
          "littleMaid_BokuGirl/living_daytime027.ogg",
          "littleMaid_BokuGirl/living_daytime029.ogg",
          "littleMaid_BokuGirl/living_daytime031.ogg",
          "littleMaid_BokuGirl/living_daytime033.ogg",
          "littleMaid_BokuGirl/living_daytime034.ogg",
          "littleMaid_BokuGirl/living_daytime036.ogg",
          "littleMaid_BokuGirl/living_daytime038.ogg",
          "littleMaid_BokuGirl/living_daytime040.ogg",
          "littleMaid_BokuGirl/living_daytime041.ogg",
          "littleMaid_BokuGirl/living_daytime042.ogg",
          "littleMaid_BokuGirl/living_daytime043.ogg",
          "littleMaid_BokuGirl/living_daytime045.ogg",
          "littleMaid_BokuGirl/living_daytime047.ogg",
          "littleMaid_BokuGirl/living_daytime048.ogg",
          "littleMaid_BokuGirl/living_daytime050.ogg",
          "littleMaid_BokuGirl/living_daytime051.ogg",
          "littleMaid_BokuGirl/living_daytime053.ogg",
          "littleMaid_BokuGirl/living_daytime055.ogg",
          "littleMaid_BokuGirl/living_daytime057.ogg",
          "littleMaid_BokuGirl/living_daytime059.ogg",
          "littleMaid_BokuGirl/living_daytime061.ogg",
          "littleMaid_BokuGirl/living_daytime062.ogg",
          "littleMaid_BokuGirl/living_daytime064.ogg",
          "littleMaid_BokuGirl/living_daytime066.ogg",
          "littleMaid_BokuGirl/living_daytime067.ogg",
          "littleMaid_BokuGirl/living_daytime069.ogg",
          "littleMaid_BokuGirl/living_daytime071.ogg",
          "littleMaid_BokuGirl/living_daytime073.ogg",
          "littleMaid_BokuGirl/living_daytime074.ogg",
          "littleMaid_BokuGirl/living_daytime075.ogg",
          "littleMaid_BokuGirl/living_daytime077.ogg",
          "littleMaid_BokuGirl/living_daytime078.ogg",
          "littleMaid_BokuGirl/living_daytime079.ogg",
          "littleMaid_BokuGirl/living_daytime080.ogg",
          "littleMaid_BokuGirl/living_daytime081.ogg",
          "littleMaid_BokuGirl/living_daytime083.ogg",
          "littleMaid_BokuGirl/living_daytime091.ogg",
          "littleMaid_BokuGirl/living_daytime093.ogg"
        ],
        "living_daytime": [
          "littleMaid_BokuGirl/living_daytime001.ogg",
          "littleMaid_BokuGirl/living_daytime002.ogg",
          "littleMaid_BokuGirl/living_daytime003.ogg",
          "littleMaid_BokuGirl/living_daytime004.ogg",
          "littleMaid_BokuGirl/living_daytime006.ogg",
          "littleMaid_BokuGirl/living_daytime007.ogg",
          "littleMaid_BokuGirl/living_daytime009.ogg",
          "littleMaid_BokuGirl/living_daytime011.ogg",
          "littleMaid_BokuGirl/living_daytime013.ogg",
          "littleMaid_BokuGirl/living_daytime015.ogg",
          "littleMaid_BokuGirl/living_daytime017.ogg",
          "littleMaid_BokuGirl/living_daytime019.ogg",
          "littleMaid_BokuGirl/living_daytime021.ogg",
          "littleMaid_BokuGirl/living_daytime022.ogg",
          "littleMaid_BokuGirl/living_daytime024.ogg",
          "littleMaid_BokuGirl/living_daytime025.ogg",
          "littleMaid_BokuGirl/living_daytime027.ogg",
          "littleMaid_BokuGirl/living_daytime029.ogg",
          "littleMaid_BokuGirl/living_daytime031.ogg",
          "littleMaid_BokuGirl/living_daytime033.ogg",
          "littleMaid_BokuGirl/living_daytime034.ogg",
          "littleMaid_BokuGirl/living_daytime036.ogg",
          "littleMaid_BokuGirl/living_daytime038.ogg",
          "littleMaid_BokuGirl/living_daytime040.ogg",
          "littleMaid_BokuGirl/living_daytime041.ogg",
          "littleMaid_BokuGirl/living_daytime042.ogg",
          "littleMaid_BokuGirl/living_daytime043.ogg",
          "littleMaid_BokuGirl/living_daytime045.ogg",
          "littleMaid_BokuGirl/living_daytime047.ogg",
          "littleMaid_BokuGirl/living_daytime048.ogg",
          "littleMaid_BokuGirl/living_daytime050.ogg",
          "littleMaid_BokuGirl/living_daytime051.ogg",
          "littleMaid_BokuGirl/living_daytime053.ogg",
          "littleMaid_BokuGirl/living_daytime055.ogg",
          "littleMaid_BokuGirl/living_daytime057.ogg",
          "littleMaid_BokuGirl/living_daytime059.ogg",
          "littleMaid_BokuGirl/living_daytime061.ogg",
          "littleMaid_BokuGirl/living_daytime062.ogg",
          "littleMaid_BokuGirl/living_daytime064.ogg",
          "littleMaid_BokuGirl/living_daytime066.ogg",
          "littleMaid_BokuGirl/living_daytime067.ogg",
          "littleMaid_BokuGirl/living_daytime069.ogg",
          "littleMaid_BokuGirl/living_daytime071.ogg",
          "littleMaid_BokuGirl/living_daytime073.ogg",
          "littleMaid_BokuGirl/living_daytime074.ogg",
          "littleMaid_BokuGirl/living_daytime075.ogg",
          "littleMaid_BokuGirl/living_daytime077.ogg",
          "littleMaid_BokuGirl/living_daytime078.ogg",
          "littleMaid_BokuGirl/living_daytime079.ogg",
          "littleMaid_BokuGirl/living_daytime080.ogg",
          "littleMaid_BokuGirl/living_daytime081.ogg",
          "littleMaid_BokuGirl/living_daytime083.ogg",
          "littleMaid_BokuGirl/living_daytime091.ogg",
          "littleMaid_BokuGirl/living_daytime093.ogg"
        ],
        "living_night": [
          "littleMaid_BokuGirl/living_daytime001.ogg",
          "littleMaid_BokuGirl/living_daytime002.ogg",
          "littleMaid_BokuGirl/living_daytime003.ogg",
          "littleMaid_BokuGirl/living_daytime004.ogg",
          "littleMaid_BokuGirl/living_daytime006.ogg",
          "littleMaid_BokuGirl/living_daytime007.ogg",
          "littleMaid_BokuGirl/living_daytime009.ogg",
          "littleMaid_BokuGirl/living_daytime011.ogg",
          "littleMaid_BokuGirl/living_daytime013.ogg",
          "littleMaid_BokuGirl/living_daytime015.ogg",
          "littleMaid_BokuGirl/living_daytime017.ogg",
          "littleMaid_BokuGirl/living_daytime019.ogg",
          "littleMaid_BokuGirl/living_daytime021.ogg",
          "littleMaid_BokuGirl/living_daytime022.ogg",
          "littleMaid_BokuGirl/living_daytime024.ogg",
          "littleMaid_BokuGirl/living_daytime025.ogg",
          "littleMaid_BokuGirl/living_daytime027.ogg",
          "littleMaid_BokuGirl/living_daytime029.ogg",
          "littleMaid_BokuGirl/living_daytime031.ogg",
          "littleMaid_BokuGirl/living_daytime033.ogg",
          "littleMaid_BokuGirl/living_daytime034.ogg",
          "littleMaid_BokuGirl/living_daytime036.ogg",
          "littleMaid_BokuGirl/living_daytime038.ogg",
          "littleMaid_BokuGirl/living_daytime040.ogg",
          "littleMaid_BokuGirl/living_daytime041.ogg",
          "littleMaid_BokuGirl/living_daytime042.ogg",
          "littleMaid_BokuGirl/living_daytime043.ogg",
          "littleMaid_BokuGirl/living_daytime045.ogg",
          "littleMaid_BokuGirl/living_daytime047.ogg",
          "littleMaid_BokuGirl/living_daytime048.ogg",
          "littleMaid_BokuGirl/living_daytime050.ogg",
          "littleMaid_BokuGirl/living_daytime051.ogg",
          "littleMaid_BokuGirl/living_daytime053.ogg",
          "littleMaid_BokuGirl/living_daytime055.ogg",
          "littleMaid_BokuGirl/living_daytime057.ogg",
          "littleMaid_BokuGirl/living_daytime059.ogg",
          "littleMaid_BokuGirl/living_daytime061.ogg",
          "littleMaid_BokuGirl/living_daytime062.ogg",
          "littleMaid_BokuGirl/living_daytime064.ogg",
          "littleMaid_BokuGirl/living_daytime066.ogg",
          "littleMaid_BokuGirl/living_daytime067.ogg",
          "littleMaid_BokuGirl/living_daytime069.ogg",
          "littleMaid_BokuGirl/living_daytime071.ogg",
          "littleMaid_BokuGirl/living_daytime073.ogg",
          "littleMaid_BokuGirl/living_daytime074.ogg",
          "littleMaid_BokuGirl/living_daytime075.ogg",
          "littleMaid_BokuGirl/living_daytime077.ogg",
          "littleMaid_BokuGirl/living_daytime078.ogg",
          "littleMaid_BokuGirl/living_daytime079.ogg",
          "littleMaid_BokuGirl/living_daytime080.ogg",
          "littleMaid_BokuGirl/living_daytime081.ogg",
          "littleMaid_BokuGirl/living_daytime083.ogg",
          "littleMaid_BokuGirl/living_daytime091.ogg",
          "littleMaid_BokuGirl/living_daytime093.ogg"
        ],
        "shoot_burst": [
          "littleMaid_BokuGirl/shoot001.ogg",
          "littleMaid_BokuGirl/shoot002.ogg",
          "littleMaid_BokuGirl/shoot003.ogg"
        ],
        "hurt_snow": [
          "littleMaid_BokuGirl/hurt_snow001.ogg",
          "littleMaid_BokuGirl/hurt_snow002.ogg",
          "littleMaid_BokuGirl/hurt_snow003.ogg",
          "littleMaid_BokuGirl/hurt_snow004.ogg",
          "littleMaid_BokuGirl/hurt_snow005.ogg",
          "littleMaid_BokuGirl/hurt_snow006.ogg",
          "littleMaid_BokuGirl/hurt_snow007.ogg"
        ],
        "sighting": [
          "littleMaid_BokuGirl/sighting001.ogg",
          "littleMaid_BokuGirl/sighting002.ogg",
          "littleMaid_BokuGirl/sighting003.ogg",
          "littleMaid_BokuGirl/sighting004.ogg",
          "littleMaid_BokuGirl/sighting005.ogg"
        ],
        "healing_potion": [
          "littleMaid_BokuGirl/healing_potion001.ogg",
          "littleMaid_BokuGirl/healing_potion002.ogg",
          "littleMaid_BokuGirl/healing_potion004.ogg",
          "littleMaid_BokuGirl/healing_potion006.ogg",
          "littleMaid_BokuGirl/healing_potion007.ogg"
        ],
        "living_whine": [
          "littleMaid_BokuGirl/living_whine001.ogg",
          "littleMaid_BokuGirl/living_whine002.ogg",
          "littleMaid_BokuGirl/living_whine003.ogg",
          "littleMaid_BokuGirl/living_whine004.ogg",
          "littleMaid_BokuGirl/living_whine005.ogg"
        ],
        "hurt_fall": [
          "littleMaid_BokuGirl/hurt_fall001.ogg",
          "littleMaid_BokuGirl/hurt_fall002.ogg",
          "littleMaid_BokuGirl/hurt_fall003.ogg"
        ],
        "eatSugar": [
          "littleMaid_BokuGirl/eatSugar001.ogg",
          "littleMaid_BokuGirl/eatSugar002.ogg",
          "littleMaid_BokuGirl/eatSugar003.ogg",
          "littleMaid_BokuGirl/eatSugar004.ogg",
          "littleMaid_BokuGirl/eatSugar005.ogg",
          "littleMaid_BokuGirl/eatSugar006.ogg",
          "littleMaid_BokuGirl/eatSugar007.ogg",
          "littleMaid_BokuGirl/eatSugar008.ogg",
          "littleMaid_BokuGirl/eatSugar009.ogg",
          "littleMaid_BokuGirl/eatSugar010.ogg"
        ],
        "addFuel": [
          "littleMaid_BokuGirl/addFuel001.ogg",
          "littleMaid_BokuGirl/addFuel002.ogg",
          "littleMaid_BokuGirl/addFuel003.ogg",
          "littleMaid_BokuGirl/addFuel004.ogg",
          "littleMaid_BokuGirl/addFuel005.ogg",
          "littleMaid_BokuGirl/addFuel006.ogg",
          "littleMaid_BokuGirl/addFuel008.ogg"
        ],
        "living_snow": [
          "littleMaid_BokuGirl/living_snow001.ogg",
          "littleMaid_BokuGirl/living_snow003.ogg",
          "littleMaid_BokuGirl/living_snow005.ogg",
          "littleMaid_BokuGirl/living_snow007.ogg",
          "littleMaid_BokuGirl/living_snow009.ogg",
          "littleMaid_BokuGirl/living_snow010.ogg",
          "littleMaid_BokuGirl/living_snow012.ogg",
          "littleMaid_BokuGirl/living_snow014.ogg",
          "littleMaid_BokuGirl/living_snow016.ogg",
          "littleMaid_BokuGirl/living_snow017.ogg",
          "littleMaid_BokuGirl/living_snow018.ogg"
        ],
        "living_morning": [
          "littleMaid_BokuGirl/living_daytime001.ogg",
          "littleMaid_BokuGirl/living_daytime002.ogg",
          "littleMaid_BokuGirl/living_daytime003.ogg",
          "littleMaid_BokuGirl/living_daytime004.ogg",
          "littleMaid_BokuGirl/living_daytime006.ogg",
          "littleMaid_BokuGirl/living_daytime007.ogg",
          "littleMaid_BokuGirl/living_daytime009.ogg",
          "littleMaid_BokuGirl/living_daytime011.ogg",
          "littleMaid_BokuGirl/living_daytime013.ogg",
          "littleMaid_BokuGirl/living_daytime015.ogg",
          "littleMaid_BokuGirl/living_daytime017.ogg",
          "littleMaid_BokuGirl/living_daytime019.ogg",
          "littleMaid_BokuGirl/living_daytime021.ogg",
          "littleMaid_BokuGirl/living_daytime022.ogg",
          "littleMaid_BokuGirl/living_daytime024.ogg",
          "littleMaid_BokuGirl/living_daytime025.ogg",
          "littleMaid_BokuGirl/living_daytime027.ogg",
          "littleMaid_BokuGirl/living_daytime029.ogg",
          "littleMaid_BokuGirl/living_daytime031.ogg",
          "littleMaid_BokuGirl/living_daytime033.ogg",
          "littleMaid_BokuGirl/living_daytime034.ogg",
          "littleMaid_BokuGirl/living_daytime036.ogg",
          "littleMaid_BokuGirl/living_daytime038.ogg",
          "littleMaid_BokuGirl/living_daytime040.ogg",
          "littleMaid_BokuGirl/living_daytime041.ogg",
          "littleMaid_BokuGirl/living_daytime042.ogg",
          "littleMaid_BokuGirl/living_daytime043.ogg",
          "littleMaid_BokuGirl/living_daytime045.ogg",
          "littleMaid_BokuGirl/living_daytime047.ogg",
          "littleMaid_BokuGirl/living_daytime048.ogg",
          "littleMaid_BokuGirl/living_daytime050.ogg",
          "littleMaid_BokuGirl/living_daytime051.ogg",
          "littleMaid_BokuGirl/living_daytime053.ogg",
          "littleMaid_BokuGirl/living_daytime055.ogg",
          "littleMaid_BokuGirl/living_daytime057.ogg",
          "littleMaid_BokuGirl/living_daytime059.ogg",
          "littleMaid_BokuGirl/living_daytime061.ogg",
          "littleMaid_BokuGirl/living_daytime062.ogg",
          "littleMaid_BokuGirl/living_daytime064.ogg",
          "littleMaid_BokuGirl/living_daytime066.ogg",
          "littleMaid_BokuGirl/living_daytime067.ogg",
          "littleMaid_BokuGirl/living_daytime069.ogg",
          "littleMaid_BokuGirl/living_daytime071.ogg",
          "littleMaid_BokuGirl/living_daytime073.ogg",
          "littleMaid_BokuGirl/living_daytime074.ogg",
          "littleMaid_BokuGirl/living_daytime075.ogg",
          "littleMaid_BokuGirl/living_daytime077.ogg",
          "littleMaid_BokuGirl/living_daytime078.ogg",
          "littleMaid_BokuGirl/living_daytime079.ogg",
          "littleMaid_BokuGirl/living_daytime080.ogg",
          "littleMaid_BokuGirl/living_daytime081.ogg",
          "littleMaid_BokuGirl/living_daytime083.ogg",
          "littleMaid_BokuGirl/living_daytime091.ogg",
          "littleMaid_BokuGirl/living_daytime093.ogg"
        ],
        "hurt": [
          "littleMaid_BokuGirl/hurt001.ogg",
          "littleMaid_BokuGirl/hurt002.ogg",
          "littleMaid_BokuGirl/hurt003.ogg",
          "littleMaid_BokuGirl/hurt004.ogg",
          "littleMaid_BokuGirl/hurt005.ogg",
          "littleMaid_BokuGirl/hurt006.ogg",
          "littleMaid_BokuGirl/hurt007.ogg",
          "littleMaid_BokuGirl/hurt008.ogg"
        ],
        "hurt_fire": [
          "littleMaid_BokuGirl/hurt_fire001.ogg",
          "littleMaid_BokuGirl/hurt_fire002.ogg",
          "littleMaid_BokuGirl/hurt_fire003.ogg"
        ]
      }
    },
    "amitaro_lite": {
      "soundpackName": "amitaro_lite",
      "livingVoiceRate": 0.4,
      "voices": {
        "hurt_guard": [
          "littleMaidVoice/amitaro_lite/nohurt_01.ogg",
          "littleMaidVoice/amitaro_lite/nohurt_02.ogg"
        ],
        "collect_snow": [
          "littleMaidVoice/amitaro_lite/yell_01.ogg",
          "littleMaidVoice/amitaro_lite/yell_02.ogg",
          "littleMaidVoice/amitaro_lite/yell_03.ogg",
          "littleMaidVoice/amitaro_lite/yell_04.ogg"
        ],
        "farmer_harvest": [
          "littleMaidVoice/amitaro_lite/yell_01.ogg",
          "littleMaidVoice/amitaro_lite/yell_02.ogg",
          "littleMaidVoice/amitaro_lite/yell_03.ogg",
          "littleMaidVoice/amitaro_lite/yell_04.ogg"
        ],
        "death": [
          "littleMaidVoice/amitaro_lite/death_01.ogg",
          "littleMaidVoice/amitaro_lite/death_02.ogg"
        ],
        "farmer_farm": [
          "littleMaidVoice/amitaro_lite/yell_01.ogg",
          "littleMaidVoice/amitaro_lite/yell_02.ogg",
          "littleMaidVoice/amitaro_lite/yell_03.ogg",
          "littleMaidVoice/amitaro_lite/yell_04.ogg"
        ],
        "living_rain": [
          "littleMaidVoice/amitaro_lite/daytime_01.ogg",
          "littleMaidVoice/amitaro_lite/daytime_02.ogg",
          "littleMaidVoice/amitaro_lite/daytime_03.ogg",
          "littleMaidVoice/amitaro_lite/daytime_04.ogg",
          "littleMaidVoice/amitaro_lite/daytime_05.ogg",
          "littleMaidVoice/amitaro_lite/daytime_06.ogg",
          "littleMaidVoice/amitaro_lite/daytime_07.ogg",
          "littleMaidVoice/amitaro_lite/daytime_08.ogg"
        ],
        "cookingOver": [
          "littleMaidVoice/amitaro_lite/yell_01.ogg",
          "littleMaidVoice/amitaro_lite/yell_02.ogg",
          "littleMaidVoice/amitaro_lite/yell_03.ogg",
          "littleMaidVoice/amitaro_lite/yell_04.ogg"
        ],
        "cookingStart": [
          "littleMaidVoice/amitaro_lite/yell_01.ogg",
          "littleMaidVoice/amitaro_lite/yell_02.ogg",
          "littleMaidVoice/amitaro_lite/yell_03.ogg",
          "littleMaidVoice/amitaro_lite/yell_04.ogg"
        ],
        "findTarget_B": [
          "littleMaidVoice/amitaro_lite/target_01.ogg",
          "littleMaidVoice/amitaro_lite/target_02.ogg"
        ],
        "findTarget_D": [
          "littleMaidVoice/amitaro_lite/target_01.ogg",
          "littleMaidVoice/amitaro_lite/target_02.ogg"
        ],
        "goodmorning": [
          "littleMaidVoice/amitaro_lite/daytime_01.ogg",
          "littleMaidVoice/amitaro_lite/daytime_02.ogg",
          "littleMaidVoice/amitaro_lite/daytime_03.ogg",
          "littleMaidVoice/amitaro_lite/daytime_04.ogg",
          "littleMaidVoice/amitaro_lite/daytime_05.ogg",
          "littleMaidVoice/amitaro_lite/daytime_06.ogg",
          "littleMaidVoice/amitaro_lite/daytime_07.ogg",
          "littleMaidVoice/amitaro_lite/daytime_08.ogg"
        ],
        "eatSugar_MaxPower": [
          "littleMaidVoice/amitaro_lite/sugar_01.ogg",
          "littleMaidVoice/amitaro_lite/sugar_02.ogg",
          "littleMaidVoice/amitaro_lite/sugar_03.ogg"
        ],
        "healing": [
          "littleMaidVoice/amitaro_lite/healing_01.ogg",
          "littleMaidVoice/amitaro_lite/healing_02.ogg"
        ],
        "farmer_plant": [
          "littleMaidVoice/amitaro_lite/yell_01.ogg",
          "littleMaidVoice/amitaro_lite/yell_02.ogg",
          "littleMaidVoice/amitaro_lite/yell_03.ogg",
          "littleMaidVoice/amitaro_lite/yell_04.ogg"
        ],
        "getCake": [
          "littleMaidVoice/amitaro_lite/cake_01.ogg",
          "littleMaidVoice/amitaro_lite/cake_02.ogg"
        ],
        "findTarget_I": [
          "littleMaidVoice/amitaro_lite/target_01.ogg",
          "littleMaidVoice/amitaro_lite/target_02.ogg"
        ],
        "hurt_nodamege": [
          "littleMaidVoice/amitaro_lite/nohurt_01.ogg",
          "littleMaidVoice/amitaro_lite/nohurt_02.ogg"
        ],
        "attack": [
          "littleMaidVoice/amitaro_lite/attack_01.ogg",
          "littleMaidVoice/amitaro_lite/attack_02.ogg",
          "littleMaidVoice/amitaro_lite/attack_03.ogg",
          "littleMaidVoice/amitaro_lite/attack_04.ogg"
        ],
        "installation": [
          "littleMaidVoice/amitaro_lite/yell_01.ogg",
          "littleMaidVoice/amitaro_lite/yell_02.ogg",
          "littleMaidVoice/amitaro_lite/yell_03.ogg",
          "littleMaidVoice/amitaro_lite/yell_04.ogg"
        ],
        "findTarget_N": [
          "littleMaidVoice/amitaro_lite/target_01.ogg",
          "littleMaidVoice/amitaro_lite/target_02.ogg"
        ],
        "goodnight": [
          "littleMaidVoice/amitaro_lite/daytime_01.ogg",
          "littleMaidVoice/amitaro_lite/daytime_02.ogg",
          "littleMaidVoice/amitaro_lite/daytime_03.ogg",
          "littleMaidVoice/amitaro_lite/daytime_04.ogg",
          "littleMaidVoice/amitaro_lite/daytime_05.ogg",
          "littleMaidVoice/amitaro_lite/daytime_06.ogg",
          "littleMaidVoice/amitaro_lite/daytime_07.ogg",
          "littleMaidVoice/amitaro_lite/daytime_08.ogg"
        ],
        "shoot": [
          "littleMaidVoice/amitaro_lite/shoot_01.ogg",
          "littleMaidVoice/amitaro_lite/shoot_02.ogg",
          "littleMaidVoice/amitaro_lite/shoot_03.ogg",
          "littleMaidVoice/amitaro_lite/shoot_04.ogg"
        ],
        "TNT_D": [
          "littleMaidVoice/amitaro_lite/shoot_01.ogg",
          "littleMaidVoice/amitaro_lite/shoot_02.ogg",
          "littleMaidVoice/amitaro_lite/shoot_03.ogg",
          "littleMaidVoice/amitaro_lite/shoot_04.ogg"
        ],
        "Recontract": [
          "littleMaidVoice/amitaro_lite/recontract_01.ogg",
          "littleMaidVoice/amitaro_lite/recontract_02.ogg"
        ],
        "living_cold": [
          "littleMaidVoice/amitaro_lite/daytime_01.ogg",
          "littleMaidVoice/amitaro_lite/daytime_02.ogg",
          "littleMaidVoice/amitaro_lite/daytime_03.ogg",
          "littleMaidVoice/amitaro_lite/daytime_04.ogg",
          "littleMaidVoice/amitaro_lite/daytime_05.ogg",
          "littleMaidVoice/amitaro_lite/daytime_06.ogg",
          "littleMaidVoice/amitaro_lite/daytime_07.ogg",
          "littleMaidVoice/amitaro_lite/daytime_08.ogg"
        ],
        "living_hot": [
          "littleMaidVoice/amitaro_lite/daytime_01.ogg",
          "littleMaidVoice/amitaro_lite/daytime_02.ogg",
          "littleMaidVoice/amitaro_lite/daytime_03.ogg",
          "littleMaidVoice/amitaro_lite/daytime_04.ogg",
          "littleMaidVoice/amitaro_lite/daytime_05.ogg",
          "littleMaidVoice/amitaro_lite/daytime_06.ogg",
          "littleMaidVoice/amitaro_lite/daytime_07.ogg",
          "littleMaidVoice/amitaro_lite/daytime_08.ogg"
        ],
        "living_daytime": [
          "littleMaidVoice/amitaro_lite/daytime_01.ogg",
          "littleMaidVoice/amitaro_lite/daytime_02.ogg",
          "littleMaidVoice/amitaro_lite/daytime_03.ogg",
          "littleMaidVoice/amitaro_lite/daytime_04.ogg",
          "littleMaidVoice/amitaro_lite/daytime_05.ogg",
          "littleMaidVoice/amitaro_lite/daytime_06.ogg",
          "littleMaidVoice/amitaro_lite/daytime_07.ogg",
          "littleMaidVoice/amitaro_lite/daytime_08.ogg"
        ],
        "living_night": [
          "littleMaidVoice/amitaro_lite/daytime_01.ogg",
          "littleMaidVoice/amitaro_lite/daytime_02.ogg",
          "littleMaidVoice/amitaro_lite/daytime_03.ogg",
          "littleMaidVoice/amitaro_lite/daytime_04.ogg",
          "littleMaidVoice/amitaro_lite/daytime_05.ogg",
          "littleMaidVoice/amitaro_lite/daytime_06.ogg",
          "littleMaidVoice/amitaro_lite/daytime_07.ogg",
          "littleMaidVoice/amitaro_lite/daytime_08.ogg"
        ],
        "shoot_burst": [
          "littleMaidVoice/amitaro_lite/shoot_01.ogg",
          "littleMaidVoice/amitaro_lite/shoot_02.ogg",
          "littleMaidVoice/amitaro_lite/shoot_03.ogg",
          "littleMaidVoice/amitaro_lite/shoot_04.ogg"
        ],
        "hurt_snow": [
          "littleMaidVoice/amitaro_lite/nohurt_01.ogg",
          "littleMaidVoice/amitaro_lite/nohurt_02.ogg"
        ],
        "sighting": [
          "littleMaidVoice/amitaro_lite/shoot_01.ogg",
          "littleMaidVoice/amitaro_lite/shoot_02.ogg",
          "littleMaidVoice/amitaro_lite/shoot_03.ogg",
          "littleMaidVoice/amitaro_lite/shoot_04.ogg"
        ],
        "healing_potion": [
          "littleMaidVoice/amitaro_lite/healing_01.ogg",
          "littleMaidVoice/amitaro_lite/healing_02.ogg"
        ],
        "living_whine": [
          "littleMaidVoice/amitaro_lite/daytime_01.ogg",
          "littleMaidVoice/amitaro_lite/daytime_02.ogg",
          "littleMaidVoice/amitaro_lite/daytime_03.ogg",
          "littleMaidVoice/amitaro_lite/daytime_04.ogg",
          "littleMaidVoice/amitaro_lite/daytime_05.ogg",
          "littleMaidVoice/amitaro_lite/daytime_06.ogg",
          "littleMaidVoice/amitaro_lite/daytime_07.ogg",
          "littleMaidVoice/amitaro_lite/daytime_08.ogg"
        ],
        "hurt_fall": [
          "littleMaidVoice/amitaro_lite/hurt_01.ogg",
          "littleMaidVoice/amitaro_lite/hurt_02.ogg",
          "littleMaidVoice/amitaro_lite/hurt_03.ogg",
          "littleMaidVoice/amitaro_lite/hurt_04.ogg"
        ],
        "eatSugar": [
          "littleMaidVoice/amitaro_lite/sugar_01.ogg",
          "littleMaidVoice/amitaro_lite/sugar_02.ogg",
          "littleMaidVoice/amitaro_lite/sugar_03.ogg"
        ],
        "addFuel": [
          "littleMaidVoice/amitaro_lite/yell_01.ogg",
          "littleMaidVoice/amitaro_lite/yell_02.ogg",
          "littleMaidVoice/amitaro_lite/yell_03.ogg",
          "littleMaidVoice/amitaro_lite/yell_04.ogg"
        ],
        "living_snow": [
          "littleMaidVoice/amitaro_lite/daytime_01.ogg",
          "littleMaidVoice/amitaro_lite/daytime_02.ogg",
          "littleMaidVoice/amitaro_lite/daytime_03.ogg",
          "littleMaidVoice/amitaro_lite/daytime_04.ogg",
          "littleMaidVoice/amitaro_lite/daytime_05.ogg",
          "littleMaidVoice/amitaro_lite/daytime_06.ogg",
          "littleMaidVoice/amitaro_lite/daytime_07.ogg",
          "littleMaidVoice/amitaro_lite/daytime_08.ogg"
        ],
        "laughter": [
          "littleMaidVoice/amitaro_lite/laughter_01.ogg",
          "littleMaidVoice/amitaro_lite/laughter_02.ogg"
        ],
        "living_morning": [
          "littleMaidVoice/amitaro_lite/daytime_01.ogg",
          "littleMaidVoice/amitaro_lite/daytime_02.ogg",
          "littleMaidVoice/amitaro_lite/daytime_03.ogg",
          "littleMaidVoice/amitaro_lite/daytime_04.ogg",
          "littleMaidVoice/amitaro_lite/daytime_05.ogg",
          "littleMaidVoice/amitaro_lite/daytime_06.ogg",
          "littleMaidVoice/amitaro_lite/daytime_07.ogg",
          "littleMaidVoice/amitaro_lite/daytime_08.ogg"
        ],
        "hurt": [
          "littleMaidVoice/amitaro_lite/hurt_01.ogg",
          "littleMaidVoice/amitaro_lite/hurt_02.ogg",
          "littleMaidVoice/amitaro_lite/hurt_03.ogg",
          "littleMaidVoice/amitaro_lite/hurt_04.ogg"
        ],
        "hurt_fire": [
          "littleMaidVoice/amitaro_lite/hurt_01.ogg",
          "littleMaidVoice/amitaro_lite/hurt_02.ogg",
          "littleMaidVoice/amitaro_lite/hurt_03.ogg",
          "littleMaidVoice/amitaro_lite/hurt_04.ogg"
        ]
      }
    }
  }
}
